[Lv-090 Lamp] Lv-090.LAMP,3/17/2014,1:00 PM,3/17/2014,2:45 PM,Lv-090 Lamp LHalamaha,1002B
[Lv-090 Lamp] Lv-090.LAMP,3/18/2014,3:00 PM,3/18/2014,4:45 PM,Lv-090 Lamp LHalamaha,1002B
[Lv-090 Lamp] Lv-090.LAMP,3/19/2014,3:00 PM,3/19/2014,4:45 PM,Lv-090 Lamp LHalamaha,1002B
[Lv-090 Lamp] Lv-090.LAMP,3/20/2014,3:00 PM,3/20/2014,4:45 PM,Lv-090 Lamp LHalamaha,1002B
[Lv-090 Lamp] Lv-090.LAMP,3/21/2014,1:00 PM,3/21/2014,2:45 PM,Lv-090 Lamp LHalamaha,1002B
[Lv-090 Lamp] Lv-090.LAMP,3/23/2014,1:00 PM,3/23/2014,2:45 PM,Lv-090 Lamp LHalamaha,1002B
[Lv-090 Lamp] Lv-090.LAMP,3/24/2014,3:00 PM,3/24/2014,4:45 PM,Lv-090 Lamp LHalamaha,1002B
[Lv-090 Lamp] Lv-090.LAMP,3/25/2014,3:00 PM,3/25/2014,4:45 PM,Lv-090 Lamp LHalamaha,1002B
[Lv-090 Lamp] Lv-090.LAMP,3/26/2014,3:00 PM,3/26/2014,4:45 PM,Lv-090 Lamp LHalamaha,1002B
[Lv-090 Lamp] Lv-090.LAMP,3/27/2014,1:00 PM,3/27/2014,2:45 PM,Lv-090 Lamp LHalamaha,1002B
[Lv-090 Lamp] Lv-090.LAMP,3/28/2014,2:00 PM,3/28/2014,3:45 PM,Lv-090 Lamp LHalamaha,1002B
[Lv-090 Lamp] Lv-090.LAMP,4/1/2014,3:00 PM,4/1/2014,4:45 PM,Lv-090 Lamp LHalamaha,1002B
[Lv-090 Lamp] Lv-090.LAMP + expert,4/2/2014,2:00 PM,4/2/2014,2:45 PM,LHalamaha Lv-090 Lamp,1002A
[Lv-090 Lamp] Lv-090.LAMP,4/3/2014,3:00 PM,4/3/2014,4:45 PM,Lv-090 Lamp LHalamaha,1002B
[Lv-090 Lamp] Lv-090.LAMP,4/4/2014,1:00 PM,4/4/2014,2:45 PM,Lv-090 Lamp LHalamaha,1002B
[Lv-090 Lamp] Lv-090.LAMP,4/5/2013,2:00 PM,6/25/2013,3:45 PM,Lv-090 Lamp LHalamaha,1002B
[Lv-090 Lamp] Lv-090.LAMP,6/26/2013,3:00 PM,6/26/2013,4:45 PM,Lv-090 Lamp LHalamaha,1002B
[Lv-090 Lamp] Presentation about SoftServe,6/27/2013,11:00 AM,6/27/2013,11:45 AM,Lv-090 Lamp Lv-090. DB Lv-090.Java Lv-091.1 MQC Lv-091.2 MQC Lv-092 UI,
[Lv-090 Lamp] Lv-090.LAMP,6/27/2013,3:00 PM,6/27/2013,4:45 PM,Lv-090 Lamp LHalamaha,1002B
[Lv-090 Lamp] Lv-090.LAMP + expert,6/28/2013,2:00 PM,6/28/2013,2:45 PM,LHalamaha Lv-090 Lamp,1002A
[Lv-090 Lamp] Lv-090.LAMP,6/28/2013,3:00 PM,6/28/2013,4:45 PM,Lv-090 Lamp LHalamaha,1002B
[Lv-090 Lamp] Lv-090.LAMP,7/1/2013,1:00 PM,7/1/2013,2:45 PM,Lv-090 Lamp LHalamaha,1002B
[Lv-090 Lamp] Lv-090.LAMP,7/2/2013,2:00 PM,7/2/2013,3:45 PM,Lv-090 Lamp LHalamaha,1002B
[Lv-090 Lamp] Lv-090.LAMP,7/3/2013,3:00 PM,7/3/2013,4:45 PM,Lv-090 Lamp LHalamaha,1002B
[Lv-090 Lamp] Lv-090.LAMP,7/4/2013,3:00 PM,7/4/2013,4:45 PM,Lv-090 Lamp LHalamaha,1002B
[Lv-090 Lamp] Lv-090.LAMP + expert,7/5/2013,2:00 PM,7/5/2013,2:45 PM,LHalamaha Lv-090 Lamp,1002A
[Lv-090 Lamp] Lv-090.LAMP,7/5/2013,3:00 PM,7/5/2013,4:45 PM,Lv-090 Lamp LHalamaha,1002B
[Lv-090 Lamp] Lv-090.LAMP,7/8/2013,1:00 PM,7/8/2013,2:45 PM,Lv-090 Lamp LHalamaha,1002B
[Lv-090 Lamp] Lv-090.LAMP,7/9/2013,2:00 PM,7/9/2013,3:45 PM,Lv-090 Lamp LHalamaha,1002B
[Lv-090 Lamp] Lv-090.LAMP,7/10/2013,3:00 PM,7/10/2013,4:45 PM,Lv-090 Lamp LHalamaha,1002B
[Lv-090 Lamp] Lv-090.LAMP,7/11/2013,3:00 PM,7/11/2013,4:45 PM,Lv-090 Lamp LHalamaha,1002B
[Lv-090 Lamp] Lv-090.LAMP,7/15/2013,1:00 PM,7/15/2013,2:45 PM,Lv-090 Lamp LHalamaha,1002B
[Lv-090 Lamp] Lv-090.LAMP,7/16/2013,2:00 PM,7/16/2013,3:45 PM,Lv-090 Lamp LHalamaha,1002B
[Lv-090 Lamp] Lv-090.LAMP,7/17/2013,3:00 PM,7/17/2013,4:45 PM,Lv-090 Lamp LHalamaha,1002B
[Lv-090 Lamp] Lv-090.LAMP,7/18/2013,3:00 PM,7/18/2013,4:45 PM,Lv-090 Lamp LHalamaha,1002B
[Lv-090 Lamp] Lv-090.LAMP + expert,7/19/2013,2:00 PM,7/19/2013,2:45 PM,LHalamaha Lv-090 Lamp,1002A
[Lv-090 Lamp] Lv-090.LAMP,7/19/2013,3:00 PM,7/19/2013,4:45 PM,Lv-090 Lamp LHalamaha,1002B
[Lv-090 Lamp] Lv-090.LAMP,7/22/2013,1:00 PM,7/22/2013,2:45 PM,Lv-090 Lamp LHalamaha,1002B
[Lv-090 Lamp] Lv-090.LAMP,7/23/2013,2:00 PM,7/23/2013,3:45 PM,Lv-090 Lamp LHalamaha,1002B
[Lv-090 Lamp] Lv-090.LAMP,7/24/2013,3:00 PM,7/24/2013,4:45 PM,Lv-090 Lamp LHalamaha,1002B
[Lv-090 Lamp] Lv-090.LAMP,7/25/2013,3:00 PM,7/25/2013,4:45 PM,Lv-090 Lamp LHalamaha,1002B
[Lv-090 Lamp] Lv-090.LAMP + expert,7/26/2013,2:00 PM,7/26/2013,2:45 PM,LHalamaha Lv-090 Lamp,1002A
[Lv-090 Lamp] Lv-090.LAMP,7/26/2013,3:00 PM,7/26/2013,4:45 PM,Lv-090 Lamp LHalamaha,1002B
[Lv-090 Lamp] Lv-090.LAMP,7/29/2013,1:00 PM,7/29/2013,2:45 PM,Lv-090 Lamp LHalamaha,1002B
[Lv-090 Lamp] Lv-090.LAMP,7/30/2013,2:00 PM,7/30/2013,3:45 PM,Lv-090 Lamp LHalamaha,1002B
[Lv-090 Lamp] Lv-090.LAMP,7/31/2013,3:00 PM,7/31/2013,4:45 PM,Lv-090 Lamp LHalamaha,1002B
[Lv-090 Lamp] Lv-090.LAMP,8/1/2013,3:00 PM,8/1/2013,4:45 PM,Lv-090 Lamp LHalamaha,1002B
[Lv-090 Lamp] Lv-090.LAMP + expert,8/2/2013,2:00 PM,8/2/2013,2:45 PM,LHalamaha Lv-090 Lamp,1002A
[Lv-090 Lamp] Lv-090.LAMP,8/2/2013,3:00 PM,8/2/2013,4:45 PM,Lv-090 Lamp LHalamaha,1002B
[Lv-090 Lamp] Lv-090.LAMP,8/5/2013,1:00 PM,8/5/2013,2:45 PM,Lv-090 Lamp LHalamaha,1002B
[Lv-090 Lamp] Lv-090.LAMP,8/6/2013,2:00 PM,8/6/2013,3:45 PM,Lv-090 Lamp LHalamaha,1002B
[Lv-090 Lamp] Lv-090.LAMP,8/7/2013,3:00 PM,8/7/2013,4:45 PM,Lv-090 Lamp LHalamaha,1002B
[Lv-090 Lamp] Lv-090.LAMP,8/8/2013,3:00 PM,8/8/2013,4:45 PM,Lv-090 Lamp LHalamaha,1002B
[Lv-090 Lamp] Lv-090.LAMP + expert,8/9/2013,2:00 PM,8/9/2013,2:45 PM,LHalamaha Lv-090 Lamp,1002A
[Lv-090 Lamp] Lv-090.LAMP,8/9/2013,3:00 PM,8/9/2013,4:45 PM,Lv-090 Lamp LHalamaha,1002B
[Lv-090 Lamp] Lv-090.LAMP,8/12/2013,1:00 PM,8/12/2013,2:45 PM,Lv-090 Lamp LHalamaha,1002B
[Lv-090 Lamp] Lv-090.LAMP,8/13/2013,2:00 PM,8/13/2013,3:45 PM,Lv-090 Lamp LHalamaha,1002B
[Lv-090 Lamp] Lv-090.LAMP,8/14/2013,3:00 PM,8/14/2013,4:45 PM,Lv-090 Lamp LHalamaha,1002B
[Lv-090 Lamp] Lv-090.LAMP,8/15/2013,3:00 PM,8/15/2013,4:45 PM,Lv-090 Lamp LHalamaha,1002B
[Lv-090 Lamp] Presentation about SoftServe,8/15/2013,5:00 PM,8/15/2013,5:45 PM,Lv-090 Lamp Lv-090. DB Lv-090.Java Lv-091.1 MQC Lv-091.2 MQC Lv-092 UI,
[Lv-090 Lamp] Lv-090.LAMP + expert,8/16/2013,2:00 PM,8/16/2013,2:45 PM,LHalamaha Lv-090 Lamp,1002A
[Lv-090 Lamp] Lv-090.LAMP,8/16/2013,3:00 PM,8/16/2013,4:45 PM,Lv-090 Lamp LHalamaha,1002B
[Lv-090 Lamp] Lv-090.LAMP,8/19/2013,1:00 PM,8/19/2013,2:45 PM,Lv-090 Lamp LHalamaha,1002B
[Lv-090 Lamp] Lv-090.LAMP,8/20/2013,2:00 PM,8/20/2013,3:45 PM,Lv-090 Lamp LHalamaha,1002B
[Lv-090 Lamp] Lv-090.LAMP,8/21/2013,3:00 PM,8/21/2013,4:45 PM,Lv-090 Lamp LHalamaha,1002B
[Lv-090 Lamp] Lv-090.LAMP,8/22/2013,3:00 PM,8/22/2013,4:45 PM,Lv-090 Lamp LHalamaha,1002B
[Lv-090 Lamp] Lv-090.LAMP + expert,8/23/2013,2:00 PM,8/23/2013,2:45 PM,LHalamaha Lv-090 Lamp,1002A
[Lv-090 Lamp] Lv-090.LAMP,8/23/2013,3:00 PM,8/23/2013,4:45 PM,Lv-090 Lamp LHalamaha,1002B
[Lv-090 Lamp] Lv-090.LAMP,8/26/2013,1:00 PM,8/26/2013,2:45 PM,Lv-090 Lamp LHalamaha,1002B
[Lv-090 Lamp] Lv-090.LAMP,8/27/2013,2:00 PM,8/27/2013,3:45 PM,Lv-090 Lamp LHalamaha,1002B
[Lv-090. DB] Lv-090.DB,3/17/2014,12:00 PM,3/17/2014,1:45 PM,AKorkuna Lv-090. DB,1002A
[Lv-090. DB] Lv-090.DB,3/18/2014,12:00 PM,3/18/2014,1:45 PM,AKorkuna Lv-090. DB,1002A
[Lv-090. DB] Lv-090.DB,3/19/2014,11:00 AM,3/19/2014,12:45 PM,AKorkuna Lv-090. DB,1002A
[Lv-090. DB] Lv-090.DB,3/20/2014,5:00 PM,3/20/2014,6:45 PM,AKorkuna Lv-090. DB,1002A
[Lv-090. DB] Lv-090.DB,3/21/2014,4:00 PM,3/21/2014,5:45 PM,AKorkuna Lv-090. DB,1002A
[Lv-090. DB] Lv-090.DB,3/24/2014,12:00 PM,3/24/2014,1:45 PM,AKorkuna Lv-090. DB,1002A
[Lv-090. DB] Lv-090.DB,3/25/2014,12:00 PM,3/25/2014,1:45 PM,AKorkuna Lv-090. DB,1002A
[Lv-090. DB] Lv-090.DB,3/26/2014,11:00 AM,3/26/2014,12:45 PM,AKorkuna Lv-090. DB,1002A
[Lv-090. DB] Lv-090.DB,3/27/2014,5:00 PM,3/27/2014,6:45 PM,AKorkuna Lv-090. DB,1002A
[Lv-090. DB] Lv-090.DB,3/28/2014,4:00 PM,3/28/2014,5:45 PM,AKorkuna Lv-090. DB,1002A
[Lv-090. DB] Lv-090.DB,6/13/2013,12:00 PM,6/13/2013,1:45 PM,AKorkuna Lv-090. DB,1002A
[Lv-090. DB] Lv-090.DB,6/14/2013,12:00 PM,6/14/2013,1:45 PM,AKorkuna Lv-090. DB,1002A
[Lv-090. DB] Lv-090.DB,6/17/2013,11:00 AM,6/17/2013,12:45 PM,AKorkuna Lv-090. DB,1002A
[Lv-090. DB] Lv-090.DB,6/18/2013,5:00 PM,6/18/2013,6:45 PM,AKorkuna Lv-090. DB,1002A
[Lv-090. DB] Lv-090.DB,6/19/2013,4:00 PM,6/19/2013,5:45 PM,AKorkuna Lv-090. DB,1002A
[Lv-090. DB] Lv-090.DB,6/20/2013,12:00 PM,6/20/2013,1:45 PM,AKorkuna Lv-090. DB,1002A
[Lv-090. DB] Lv-090.DB,6/21/2013,12:00 PM,6/21/2013,1:45 PM,AKorkuna Lv-090. DB,1002A
[Lv-090. DB] Lv-090.DB,6/24/2013,11:00 AM,6/24/2013,12:45 PM,AKorkuna Lv-090. DB,1002A
[Lv-090. DB] Lv-090.DB,6/25/2013,5:00 PM,6/25/2013,6:45 PM,AKorkuna Lv-090. DB,1002A
[Lv-090. DB] Lv-090.DB,6/26/2013,4:00 PM,6/26/2013,5:45 PM,AKorkuna Lv-090. DB,1002A
[Lv-090. DB] Presentation about SoftServe,6/27/2013,11:00 AM,6/27/2013,11:45 AM,Lv-090 Lamp Lv-090. DB Lv-090.Java Lv-091.1 MQC Lv-091.2 MQC Lv-092 UI,
[Lv-090. DB] Lv-090.DB,6/27/2013,12:00 PM,6/27/2013,1:45 PM,AKorkuna Lv-090. DB,1002A
[Lv-090. DB] Lv-090.DB,6/28/2013,12:00 PM,6/28/2013,1:45 PM,AKorkuna Lv-090. DB,1002A
[Lv-090. DB] Lv-090.DB,7/1/2013,11:00 AM,7/1/2013,12:45 PM,AKorkuna Lv-090. DB,1002A
[Lv-090. DB] Lv-090.DB,7/2/2013,5:00 PM,7/2/2013,6:45 PM,AKorkuna Lv-090. DB,1002A
[Lv-090. DB] Lv-090.DB,7/3/2013,4:00 PM,7/3/2013,5:45 PM,AKorkuna Lv-090. DB,1002A
[Lv-090. DB] Lv-090.DB,7/4/2013,12:00 PM,7/4/2013,1:45 PM,AKorkuna Lv-090. DB,1002A
[Lv-090. DB] Lv-090.DB,7/5/2013,12:00 PM,7/5/2013,1:45 PM,AKorkuna Lv-090. DB,1002A
[Lv-090. DB] Lv-090.DB,7/8/2013,11:00 AM,7/8/2013,12:45 PM,AKorkuna Lv-090. DB,1002A
[Lv-090. DB] Lv-090.DB,7/9/2013,5:00 PM,7/9/2013,6:45 PM,AKorkuna Lv-090. DB,1002A
[Lv-090. DB] Lv-090.DB,7/10/2013,4:00 PM,7/10/2013,5:45 PM,AKorkuna Lv-090. DB,1002A
[Lv-090. DB] Lv-090.DB,7/11/2013,12:00 PM,7/11/2013,1:45 PM,AKorkuna Lv-090. DB,1002A
[Lv-090. DB] Lv-090.DB,7/15/2013,11:00 AM,7/15/2013,12:45 PM,AKorkuna Lv-090. DB,1002A
[Lv-090. DB] Lv-090.DB,7/16/2013,5:00 PM,7/16/2013,6:45 PM,AKorkuna Lv-090. DB,1002A
[Lv-090. DB] Lv-090.DB,7/17/2013,4:00 PM,7/17/2013,5:45 PM,AKorkuna Lv-090. DB,1002A
[Lv-090. DB] Lv-090.DB,7/18/2013,12:00 PM,7/18/2013,1:45 PM,AKorkuna Lv-090. DB,1002A
[Lv-090. DB] Lv-090.DB,7/19/2013,12:00 PM,7/19/2013,1:45 PM,AKorkuna Lv-090. DB,1002A
[Lv-090. DB] Lv-090.DB,7/22/2013,11:00 AM,7/22/2013,12:45 PM,AKorkuna Lv-090. DB,1002A
[Lv-090. DB] Lv-090.DB,7/23/2013,5:00 PM,7/23/2013,6:45 PM,AKorkuna Lv-090. DB,1002A
[Lv-090. DB] Lv-090.DB,7/24/2013,4:00 PM,7/24/2013,5:45 PM,AKorkuna Lv-090. DB,1002A
[Lv-090. DB] Lv-090.DB,7/25/2013,12:00 PM,7/25/2013,1:45 PM,AKorkuna Lv-090. DB,1002A
[Lv-090. DB] Lv-090.DB,7/26/2013,12:00 PM,7/26/2013,1:45 PM,AKorkuna Lv-090. DB,1002A
[Lv-090. DB] Lv-090.DB,7/29/2013,11:00 AM,7/29/2013,12:45 PM,AKorkuna Lv-090. DB,1002A
[Lv-090. DB] Lv-090.DB,7/30/2013,5:00 PM,7/30/2013,6:45 PM,AKorkuna Lv-090. DB,1002A
[Lv-090. DB] Lv-090.DB,7/31/2013,4:00 PM,7/31/2013,5:45 PM,AKorkuna Lv-090. DB,1002A
[Lv-090. DB] Lv-090.DB,8/1/2013,12:00 PM,8/1/2013,1:45 PM,AKorkuna Lv-090. DB,1002A
[Lv-090. DB] Lv-090.DB,8/2/2013,12:00 PM,8/2/2013,1:45 PM,AKorkuna Lv-090. DB,1002A
[Lv-090. DB] Lv-090.DB,8/5/2013,11:00 AM,8/5/2013,12:45 PM,AKorkuna Lv-090. DB,1002A
[Lv-090. DB] Lv-090.DB,8/6/2013,5:00 PM,8/6/2013,6:45 PM,AKorkuna Lv-090. DB,1002A
[Lv-090. DB] Lv-090.DB,8/7/2013,4:00 PM,8/7/2013,5:45 PM,AKorkuna Lv-090. DB,1002A
[Lv-090. DB] Lv-090.DB,8/8/2013,12:00 PM,8/8/2013,1:45 PM,AKorkuna Lv-090. DB,1002A
[Lv-090. DB] Lv-090.DB,8/9/2013,12:00 PM,8/9/2013,1:45 PM,AKorkuna Lv-090. DB,1002A
[Lv-090. DB] Lv-090.DB,8/12/2013,11:00 AM,8/12/2013,12:45 PM,AKorkuna Lv-090. DB,1002A
[Lv-090. DB] Lv-090.DB,8/13/2013,5:00 PM,8/13/2013,6:45 PM,AKorkuna Lv-090. DB,1002A
[Lv-090. DB] Lv-090.DB,8/14/2013,4:00 PM,8/14/2013,5:45 PM,AKorkuna Lv-090. DB,1002A
[Lv-090. DB] Lv-090.DB,8/15/2013,12:00 PM,8/15/2013,1:45 PM,AKorkuna Lv-090. DB,1002A
[Lv-090. DB] Presentation about SoftServe,8/15/2013,5:00 PM,8/15/2013,5:45 PM,Lv-090 Lamp Lv-090. DB Lv-090.Java Lv-091.1 MQC Lv-091.2 MQC Lv-092 UI,
[Lv-090. DB] Lv-090.DB,8/16/2013,12:00 PM,8/16/2013,1:45 PM,AKorkuna Lv-090. DB,1002A
[Lv-090. DB] Lv-090.DB,8/19/2013,11:00 AM,8/19/2013,12:45 PM,AKorkuna Lv-090. DB,1002A
[Lv-090. DB] Lv-090.DB,8/20/2013,5:00 PM,8/20/2013,6:45 PM,AKorkuna Lv-090. DB,1002A
[Lv-090. DB] Lv-090.DB,8/21/2013,4:00 PM,8/21/2013,5:45 PM,AKorkuna Lv-090. DB,1002A
[Lv-090. DB] Lv-090.DB,8/22/2013,12:00 PM,8/22/2013,1:45 PM,AKorkuna Lv-090. DB,1002A
[Lv-090. DB] Lv-090.DB,8/23/2013,12:00 PM,8/23/2013,1:45 PM,AKorkuna Lv-090. DB,1002A
[Lv-090. DB] Lv-090.DB,8/26/2013,11:00 AM,8/26/2013,12:45 PM,AKorkuna Lv-090. DB,1002A
[Lv-090. DB] Lv-090.DB,8/27/2013,5:00 PM,8/27/2013,6:45 PM,AKorkuna Lv-090. DB,1002A
[Lv-090.Java] Lv-090.Java,3/17/2014,4:00 PM,3/17/2014,5:45 PM,YHarasym Lv-090.Java,4131
[Lv-090.Java] Lv-090.Java,3/18/2014,9:00 AM,3/18/2014,10:45 AM,YHarasym Lv-090.Java,4131
[Lv-090.Java] Lv-090.Java,3/19/2014,4:00 PM,3/19/2014,5:45 PM,YHarasym Lv-090.Java,4131
[Lv-090.Java] Lv-090.Java,3/22/2014,2:00 PM,3/22/2014,3:45 PM,YHarasym Lv-090.Java,4131
[Lv-090.Java] Lv-090.Java,3/23/2014,4:00 PM,3/23/2014,5:45 PM,YHarasym Lv-090.Java,4131
[Lv-090.Java] Lv-090.Java,3/24/2014,4:00 PM,3/24/2014,5:45 PM,YHarasym Lv-090.Java,4131
[Lv-090.Java] Lv-090.Java,3/25/2014,1:00 PM,3/25/2014,4:45 PM,YHarasym Lv-090.Java,4131
[Lv-090.Java] Lv-090.Java,3/26/2014,4:00 PM,3/26/2014,5:45 PM,YHarasym Lv-090.Java,4131
[Lv-090.Java] Lv-090.Java,3/27/2014,2:00 PM,3/27/2014,3:45 PM,YHarasym Lv-090.Java,4131
[Lv-090.Java] Lv-090.Java,3/28/2014,4:00 PM,3/28/2014,5:45 PM,YHarasym Lv-090.Java,4131
[Lv-090.Java] Lv-090.Java,6/12/2013,4:00 PM,6/12/2013,5:45 PM,YHarasym Lv-090.Java,4131
[Lv-090.Java] Lv-090.Java,6/13/2013,9:00 AM,6/13/2013,10:45 AM,YHarasym Lv-090.Java,4131
[Lv-090.Java] Lv-090.Java,6/14/2013,4:00 PM,6/14/2013,5:45 PM,YHarasym Lv-090.Java,4131
[Lv-090.Java] Lv-090.Java + Expert,6/14/2013,6:00 PM,6/14/2013,6:45 PM,Lv-090.Java YHarasym,4131
[Lv-090.Java] Lv-090.Java,6/17/2013,2:00 PM,6/17/2013,3:45 PM,YHarasym Lv-090.Java,4131
[Lv-090.Java] Lv-090.Java,6/18/2013,4:00 PM,6/18/2013,5:45 PM,YHarasym Lv-090.Java,4131
[Lv-090.Java] Lv-090.Java,6/19/2013,4:00 PM,6/19/2013,5:45 PM,YHarasym Lv-090.Java,4131
[Lv-090.Java] Lv-090.Java,6/20/2013,9:00 AM,6/20/2013,10:45 AM,YHarasym Lv-090.Java,4131
[Lv-090.Java] Lv-090.Java,6/21/2013,4:00 PM,6/21/2013,5:45 PM,YHarasym Lv-090.Java,4131
[Lv-090.Java] Lv-090.Java + Expert,6/21/2013,6:00 PM,6/21/2013,6:45 PM,Lv-090.Java YHarasym,4131
[Lv-090.Java] Lv-090.Java,6/24/2013,2:00 PM,6/24/2013,3:45 PM,YHarasym Lv-090.Java,4131
[Lv-090.Java] Lv-090.Java,6/25/2013,1:00 PM,6/25/2013,2:45 PM,YHarasym Lv-090.Java,4131
[Lv-090.Java] Lv-090.Java,6/26/2013,4:00 PM,6/26/2013,5:45 PM,YHarasym Lv-090.Java,4131
[Lv-090.Java] Lv-090.Java,6/27/2013,9:00 AM,6/27/2013,10:45 AM,YHarasym Lv-090.Java,4131
[Lv-090.Java] Presentation about SoftServe,6/27/2013,11:00 AM,6/27/2013,11:45 AM,Lv-090 Lamp Lv-090. DB Lv-090.Java Lv-091.1 MQC Lv-091.2 MQC Lv-092 UI,
[Lv-090.Java] Lv-090.Java,6/28/2013,4:00 PM,6/28/2013,5:45 PM,YHarasym Lv-090.Java,4131
[Lv-090.Java] Lv-090.Java + Expert,6/28/2013,6:00 PM,6/28/2013,6:45 PM,Lv-090.Java YHarasym,4131
[Lv-090.Java] Lv-090.Java,7/1/2013,2:00 PM,7/1/2013,3:45 PM,YHarasym Lv-090.Java,4131
[Lv-090.Java] Lv-090.Java,7/2/2013,4:00 PM,7/2/2013,5:45 PM,YHarasym Lv-090.Java,4131
[Lv-090.Java] Lv-090.Java,7/3/2013,4:00 PM,7/3/2013,5:45 PM,YHarasym Lv-090.Java,4131
[Lv-090.Java] Lv-090.Java,7/4/2013,9:00 AM,7/4/2013,10:45 AM,YHarasym Lv-090.Java,4131
[Lv-090.Java] Lv-090.Java,7/5/2013,4:00 PM,7/5/2013,5:45 PM,YHarasym Lv-090.Java,4131
[Lv-090.Java] Lv-090.Java + Expert,7/5/2013,6:00 PM,7/5/2013,6:45 PM,Lv-090.Java YHarasym,4131
[Lv-090.Java] Lv-090.Java,7/8/2013,2:00 PM,7/8/2013,3:45 PM,YHarasym Lv-090.Java,4131
[Lv-090.Java] Lv-090.Java,7/9/2013,4:00 PM,7/9/2013,5:45 PM,YHarasym Lv-090.Java,4131
[Lv-090.Java] Lv-090.Java,7/10/2013,4:00 PM,7/10/2013,5:45 PM,YHarasym Lv-090.Java,4131
[Lv-090.Java] Lv-090.Java,7/11/2013,9:00 AM,7/11/2013,10:45 AM,YHarasym Lv-090.Java,4131
[Lv-090.Java] Lv-090.Java,7/15/2013,2:00 PM,7/15/2013,3:45 PM,YHarasym Lv-090.Java,4131
[Lv-090.Java] Lv-090.Java,7/16/2013,4:00 PM,7/16/2013,5:45 PM,YHarasym Lv-090.Java,4131
[Lv-090.Java] Lv-090.Java,7/17/2013,4:00 PM,7/17/2013,5:45 PM,YHarasym Lv-090.Java,4131
[Lv-090.Java] Lv-090.Java,7/19/2013,4:00 PM,7/19/2013,5:45 PM,YHarasym Lv-090.Java,4131
[Lv-090.Java] Lv-090.Java + Expert,7/19/2013,6:00 PM,7/19/2013,6:45 PM,Lv-090.Java YHarasym,4131
[Lv-090.Java] Lv-090.Java,7/22/2013,2:00 PM,7/22/2013,3:45 PM,YHarasym Lv-090.Java,4131
[Lv-090.Java] Lv-090.Java,7/23/2013,4:00 PM,7/23/2013,5:45 PM,YHarasym Lv-090.Java,4131
[Lv-090.Java] Lv-090.Java,7/24/2013,4:00 PM,7/24/2013,5:45 PM,YHarasym Lv-090.Java,4131
[Lv-090.Java] Lv-090.Java,7/25/2013,9:00 AM,7/25/2013,10:45 AM,YHarasym Lv-090.Java,4131
[Lv-090.Java] Lv-090.Java,7/26/2013,4:00 PM,7/26/2013,5:45 PM,YHarasym Lv-090.Java,4131
[Lv-090.Java] Lv-090.Java + Expert,7/26/2013,6:00 PM,7/26/2013,6:45 PM,Lv-090.Java YHarasym,4131
[Lv-090.Java] Lv-090.Java,7/29/2013,2:00 PM,7/29/2013,3:45 PM,YHarasym Lv-090.Java,4131
[Lv-090.Java] Lv-090.Java,7/30/2013,4:00 PM,7/30/2013,5:45 PM,YHarasym Lv-090.Java,4131
[Lv-090.Java] Lv-090.Java,7/31/2013,4:00 PM,7/31/2013,5:45 PM,YHarasym Lv-090.Java,4131
[Lv-090.Java] Lv-090.Java,8/1/2013,9:00 AM,8/1/2013,10:45 AM,YHarasym Lv-090.Java,4131
[Lv-090.Java] Lv-090.Java,8/2/2013,4:00 PM,8/2/2013,5:45 PM,YHarasym Lv-090.Java,4131
[Lv-090.Java] Lv-090.Java + Expert,8/2/2013,6:00 PM,8/2/2013,6:45 PM,Lv-090.Java YHarasym,4131
[Lv-090.Java] Lv-090.Java,8/5/2013,2:00 PM,8/5/2013,3:45 PM,YHarasym Lv-090.Java,4131
[Lv-090.Java] Lv-090.Java,8/6/2013,4:00 PM,8/6/2013,5:45 PM,YHarasym Lv-090.Java,4131
[Lv-090.Java] Lv-090.Java,8/7/2013,4:00 PM,8/7/2013,5:45 PM,YHarasym Lv-090.Java,4131
[Lv-090.Java] Lv-090.Java,8/8/2013,9:00 AM,8/8/2013,10:45 AM,YHarasym Lv-090.Java,4131
[Lv-090.Java] Lv-090.Java,8/9/2013,4:00 PM,8/9/2013,5:45 PM,YHarasym Lv-090.Java,4131
[Lv-090.Java] Lv-090.Java + Expert,8/9/2013,6:00 PM,8/9/2013,6:45 PM,Lv-090.Java YHarasym,4131
[Lv-090.Java] Lv-090.Java,8/12/2013,2:00 PM,8/12/2013,3:45 PM,YHarasym Lv-090.Java,4131
[Lv-090.Java] Lv-090.Java,8/13/2013,4:00 PM,8/13/2013,5:45 PM,YHarasym Lv-090.Java,4131
[Lv-090.Java] Lv-090.Java,8/14/2013,4:00 PM,8/14/2013,5:45 PM,YHarasym Lv-090.Java,4131
[Lv-090.Java] Lv-090.Java,8/15/2013,9:00 AM,8/15/2013,10:45 AM,YHarasym Lv-090.Java,4131
[Lv-090.Java] Presentation about SoftServe,8/15/2013,5:00 PM,8/15/2013,5:45 PM,Lv-090 Lamp Lv-090. DB Lv-090.Java Lv-091.1 MQC Lv-091.2 MQC Lv-092 UI,
[Lv-090.Java] Lv-090.Java,8/16/2013,4:00 PM,8/16/2013,5:45 PM,YHarasym Lv-090.Java,4131
[Lv-090.Java] Lv-090.Java + Expert,8/16/2013,6:00 PM,8/16/2013,6:45 PM,Lv-090.Java YHarasym,4131
[Lv-090.Java] Lv-090.Java,8/19/2013,2:00 PM,8/19/2013,3:45 PM,YHarasym Lv-090.Java,4131
[Lv-090.Java] Lv-090.Java,8/20/2013,4:00 PM,8/20/2013,5:45 PM,YHarasym Lv-090.Java,4131
[Lv-090.Java] Lv-090.Java,8/21/2013,4:00 PM,8/21/2013,5:45 PM,YHarasym Lv-090.Java,4131
[Lv-090.Java] Lv-090.Java,8/22/2013,9:00 AM,8/22/2013,10:45 AM,YHarasym Lv-090.Java,4131
[Lv-090.Java] Lv-090.Java,8/23/2013,4:00 PM,8/23/2013,5:45 PM,YHarasym Lv-090.Java,4131
[Lv-090.Java] Lv-090.Java + Expert,8/23/2013,6:00 PM,8/23/2013,6:45 PM,Lv-090.Java YHarasym,4131
[Lv-090.Java] Lv-090.Java,8/26/2013,2:00 PM,8/26/2013,3:45 PM,YHarasym Lv-090.Java,4131
[Lv-091.1 MQC] Presentation about SoftServe,6/27/2013,11:00 AM,6/27/2013,11:45 AM,Lv-090 Lamp Lv-090. DB Lv-090.Java Lv-091.1 MQC Lv-091.2 MQC Lv-092 UI,
[Lv-091.1 MQC] Lv-091.QC Lecture,7/3/2013,2:00 PM,7/3/2013,3:45 PM,LKlakovych Lv-091.2 MQC Lv-091.1 MQC,4131
[Lv-091.1 MQC] Lv-091.1 QC,7/4/2013,4:00 PM,7/4/2013,5:45 PM,IKohut Lv-091.1 MQC,1002A
[Lv-091.1 MQC] Lv-091.QC Lecture,7/5/2013,2:00 PM,7/5/2013,3:45 PM,LKlakovych Lv-091.2 MQC Lv-091.1 MQC,4131
[Lv-091.1 MQC] Lv-091.1 QC + expert,7/8/2013,9:00 AM,7/8/2013,10:45 AM,IKohut Lv-091.1 MQC,1002B
[Lv-091.1 MQC] Lv-091.QC Lecture,7/10/2013,11:00 AM,7/10/2013,12:45 PM,LKlakovych Lv-091.2 MQC Lv-091.1 MQC,4131
[Lv-091.1 MQC] Lv-091.1 QC,7/11/2013,4:00 PM,7/11/2013,5:45 PM,IKohut Lv-091.1 MQC,1002A
[Lv-091.1 MQC] Lv-091.1 QC + expert,7/15/2013,9:00 AM,7/15/2013,10:45 AM,IKohut Lv-091.1 MQC,1002B
[Lv-091.1 MQC] Lv-091.1 QC Weekly Report,7/17/2013,9:00 AM,7/17/2013,10:45 AM,IKohut Lv-091.1 MQC,4131
[Lv-091.1 MQC] Lv-091.QC Lecture,7/17/2013,11:00 AM,7/17/2013,12:45 PM,LKlakovych Lv-091.2 MQC Lv-091.1 MQC,4131
[Lv-091.1 MQC] Lv-091.1 QC,7/18/2013,4:00 PM,7/18/2013,5:45 PM,IKohut Lv-091.1 MQC,1002A
[Lv-091.1 MQC] Lv-091.QC Lecture,7/19/2013,11:00 AM,7/19/2013,12:45 PM,LKlakovych Lv-091.2 MQC Lv-091.1 MQC,4131
[Lv-091.1 MQC] Lv-091.1 QC + expert,7/22/2013,9:00 AM,7/22/2013,10:45 AM,IKohut Lv-091.1 MQC,1002B
[Lv-091.1 MQC] Lv-091.QC Lecture,7/24/2013,11:00 AM,7/24/2013,12:45 PM,LKlakovych Lv-091.2 MQC Lv-091.1 MQC,4131
[Lv-091.1 MQC] Lv-091.1 QC,7/25/2013,4:00 PM,7/25/2013,5:45 PM,IKohut Lv-091.1 MQC,1002A
[Lv-091.1 MQC] Lv-091.QC Lecture,7/26/2013,11:00 AM,7/26/2013,12:45 PM,LKlakovych Lv-091.2 MQC Lv-091.1 MQC,4131
[Lv-091.1 MQC] Lv-091.1 QC + expert,7/29/2013,9:00 AM,7/29/2013,10:45 AM,IKohut Lv-091.1 MQC,1002B
[Lv-091.1 MQC] Lv-091.QC Lecture,7/31/2013,11:00 AM,7/31/2013,12:45 PM,LKlakovych Lv-091.2 MQC Lv-091.1 MQC,4131
[Lv-091.1 MQC] Lv-091.1 QC,8/1/2013,4:00 PM,8/1/2013,5:45 PM,IKohut Lv-091.1 MQC,1002A
[Lv-091.1 MQC] Lv-091.QC Lecture,8/2/2013,11:00 AM,8/2/2013,12:45 PM,LKlakovych Lv-091.2 MQC Lv-091.1 MQC,4131
[Lv-091.1 MQC] Lv-091.1 QC + expert,8/5/2013,9:00 AM,8/5/2013,10:45 AM,IKohut Lv-091.1 MQC,1002B
[Lv-091.1 MQC] Lv-091.QC Lecture,8/7/2013,11:00 AM,8/7/2013,12:45 PM,LKlakovych Lv-091.2 MQC Lv-091.1 MQC,4131
[Lv-091.1 MQC] Lv-091.QC Lecture,8/9/2013,11:00 AM,8/9/2013,12:45 PM,LKlakovych Lv-091.2 MQC Lv-091.1 MQC,4131
[Lv-091.1 MQC] Lv-091.1 QC + expert,8/12/2013,9:00 AM,8/12/2013,10:45 AM,IKohut Lv-091.1 MQC,1002B
[Lv-091.1 MQC] Lv-091.QC Lecture,8/14/2013,11:00 AM,8/14/2013,12:45 PM,LKlakovych Lv-091.2 MQC Lv-091.1 MQC,4131
[Lv-091.1 MQC] Presentation about SoftServe,8/15/2013,5:00 PM,8/15/2013,5:45 PM,Lv-090 Lamp Lv-090. DB Lv-090.Java Lv-091.1 MQC Lv-091.2 MQC Lv-092 UI,
[Lv-091.1 MQC] Lv-091.QC Lecture,8/16/2013,11:00 AM,8/16/2013,12:45 PM,LKlakovych Lv-091.2 MQC Lv-091.1 MQC,4131
[Lv-091.1 MQC] Lv-091.1 QC + expert,8/19/2013,9:00 AM,8/19/2013,10:45 AM,IKohut Lv-091.1 MQC,1002B
[Lv-091.1 MQC] Lv-091.1 Dailly Scrum meeting,8/20/2013,2:00 PM,8/20/2013,2:45 PM,IKohut Lv-091.1 MQC,1002A
[Lv-091.1 MQC] Lv-091.1 QC Weekly Report,8/21/2013,9:00 AM,8/21/2013,10:45 AM,IKohut Lv-091.1 MQC,4131
[Lv-091.1 MQC] Lv-091.QC Lecture,8/21/2013,11:00 AM,8/21/2013,12:45 PM,LKlakovych Lv-091.2 MQC Lv-091.1 MQC,4131
[Lv-091.1 MQC] Lv-091.1 Scrum Planning,8/22/2013,4:00 PM,8/22/2013,4:45 PM,IKohut Lv-091.1 MQC,4131
[Lv-091.1 MQC] Lv-091.QC Lecture,8/23/2013,11:00 AM,8/23/2013,12:45 PM,LKlakovych Lv-091.2 MQC Lv-091.1 MQC,4131
[Lv-091.1 MQC] Lv-091.1 Dailly Scrum meeting,8/23/2013,3:00 PM,8/23/2013,3:45 PM,IKohut Lv-091.1 MQC,1002A
[Lv-091.1 MQC] Lv-091.1 QC + expert,8/26/2013,9:00 AM,8/26/2013,10:45 AM,IKohut Lv-091.1 MQC,1002B
[Lv-091.1 MQC] Lv-091.1 Dailly Scrum meeting,8/27/2013,2:00 PM,8/27/2013,2:45 PM,IKohut Lv-091.1 MQC,1002A
[Lv-091.1 MQC] Lv-091.1 QC Weekly Report,8/28/2013,9:00 AM,8/28/2013,10:45 AM,IKohut Lv-091.1 MQC,4131
[Lv-091.1 MQC] Lv-091.QC Lecture,8/28/2013,11:00 AM,8/28/2013,12:45 PM,LKlakovych Lv-091.2 MQC Lv-091.1 MQC,4131
[Lv-091.1 MQC] Lv-091.1 Scrum Planning,8/29/2013,4:00 PM,8/29/2013,4:45 PM,IKohut Lv-091.1 MQC,4131
[Lv-091.1 MQC] Lv-091.QC Lecture,8/30/2013,11:00 AM,8/30/2013,12:45 PM,LKlakovych Lv-091.2 MQC Lv-091.1 MQC,4131
[Lv-091.1 MQC] Lv-091.1 Dailly Scrum meeting,8/30/2013,3:00 PM,8/30/2013,3:45 PM,IKohut Lv-091.1 MQC,1002A
[Lv-091.1 MQC] Lv-091.1 Dailly Scrum meeting,9/3/2013,2:00 PM,9/3/2013,2:45 PM,IKohut Lv-091.1 MQC,1002A
[Lv-091.1 MQC] Lv-091.1 QC Weekly Report,9/4/2013,9:00 AM,9/4/2013,10:45 AM,IKohut Lv-091.1 MQC,4131
[Lv-091.2 MQC] Presentation about SoftServe,6/27/2013,11:00 AM,6/27/2013,11:45 AM,Lv-090 Lamp Lv-090. DB Lv-090.Java Lv-091.1 MQC Lv-091.2 MQC Lv-092 UI,
[Lv-091.2 MQC] Lv-091.QC Lecture,7/3/2013,2:00 PM,7/3/2013,3:45 PM,LKlakovych Lv-091.2 MQC Lv-091.1 MQC,4131
[Lv-091.2 MQC] Lv-091.2 QC,7/4/2013,2:00 PM,7/4/2013,3:45 PM,YHarasym Lv-091.2 MQC,4131
[Lv-091.2 MQC] Lv-091.QC Lecture,7/5/2013,2:00 PM,7/5/2013,3:45 PM,LKlakovych Lv-091.2 MQC Lv-091.1 MQC,4131
[Lv-091.2 MQC] Lv-091.2 QC + expert,7/8/2013,9:00 AM,7/8/2013,10:45 AM,YHarasym Lv-091.2 MQC,1002A
[Lv-091.2 MQC] Lv-091.2 QC Weekly Report,7/10/2013,9:00 AM,7/10/2013,10:45 AM,YHarasym Lv-091.2 MQC,1002B
[Lv-091.2 MQC] Lv-091.QC Lecture,7/10/2013,11:00 AM,7/10/2013,12:45 PM,LKlakovych Lv-091.2 MQC Lv-091.1 MQC,4131
[Lv-091.2 MQC] Lv-091.2 QC,7/11/2013,2:00 PM,7/11/2013,3:45 PM,YHarasym Lv-091.2 MQC,4131
[Lv-091.2 MQC] Lv-091.2 QC + expert,7/15/2013,9:00 AM,7/15/2013,10:45 AM,YHarasym Lv-091.2 MQC,1002A
[Lv-091.2 MQC] Lv-091.2 QC Weekly Report,7/17/2013,9:00 AM,7/17/2013,10:45 AM,YHarasym Lv-091.2 MQC,1002B
[Lv-091.2 MQC] Lv-091.QC Lecture,7/17/2013,11:00 AM,7/17/2013,12:45 PM,LKlakovych Lv-091.2 MQC Lv-091.1 MQC,4131
[Lv-091.2 MQC] Lv-091.2 QC,7/18/2013,3:00 PM,7/18/2013,4:45 PM,YHarasym Lv-091.2 MQC,4131
[Lv-091.2 MQC] Lv-091.QC Lecture,7/19/2013,11:00 AM,7/19/2013,12:45 PM,LKlakovych Lv-091.2 MQC Lv-091.1 MQC,4131
[Lv-091.2 MQC] Lv-091.2 QC + expert,7/22/2013,9:00 AM,7/22/2013,10:45 AM,YHarasym Lv-091.2 MQC,1002A
[Lv-091.2 MQC] Lv-091.2 QC Weekly Report,7/24/2013,9:00 AM,7/24/2013,10:45 AM,YHarasym Lv-091.2 MQC,1002B
[Lv-091.2 MQC] Lv-091.QC Lecture,7/24/2013,11:00 AM,7/24/2013,12:45 PM,LKlakovych Lv-091.2 MQC Lv-091.1 MQC,4131
[Lv-091.2 MQC] Lv-091.2QC,7/25/2013,2:00 PM,7/25/2013,3:45 PM,YHarasym Lv-091.2 MQC,1002A
[Lv-091.2 MQC] Lv-091.QC Lecture,7/26/2013,11:00 AM,7/26/2013,12:45 PM,LKlakovych Lv-091.2 MQC Lv-091.1 MQC,4131
[Lv-091.2 MQC] Lv-091.2 QC + expert,7/29/2013,9:00 AM,7/29/2013,10:45 AM,YHarasym Lv-091.2 MQC,1002A
[Lv-091.2 MQC] Lv-091.2 QC Weekly Report,7/31/2013,9:00 AM,7/31/2013,10:45 AM,YHarasym Lv-091.2 MQC,1002B
[Lv-091.2 MQC] Lv-091.QC Lecture,7/31/2013,11:00 AM,7/31/2013,12:45 PM,LKlakovych Lv-091.2 MQC Lv-091.1 MQC,4131
[Lv-091.2 MQC] Lv-091.2 QC,8/1/2013,2:00 PM,8/1/2013,3:45 PM,YHarasym Lv-091.2 MQC,4131
[Lv-091.2 MQC] Lv-091.QC Lecture,8/2/2013,11:00 AM,8/2/2013,12:45 PM,LKlakovych Lv-091.2 MQC Lv-091.1 MQC,4131
[Lv-091.2 MQC] Lv-091.2 QC + expert,8/5/2013,9:00 AM,8/5/2013,10:45 AM,YHarasym Lv-091.2 MQC,1002A
[Lv-091.2 MQC] Lv-091.2 QC Weekly Report,8/7/2013,9:00 AM,8/7/2013,10:45 AM,YHarasym Lv-091.2 MQC,1002B
[Lv-091.2 MQC] Lv-091.QC Lecture,8/7/2013,11:00 AM,8/7/2013,12:45 PM,LKlakovych Lv-091.2 MQC Lv-091.1 MQC,4131
[Lv-091.2 MQC] Lv-091.2 QC Scrum Planning,8/8/2013,1:00 PM,8/8/2013,1:45 PM,YHarasym Lv-091.2 MQC,4131
[Lv-091.2 MQC] Lv-091.2 QC,8/8/2013,2:00 PM,8/8/2013,3:45 PM,YHarasym Lv-091.2 MQC,4131
[Lv-091.2 MQC] Lv-091.QC Lecture,8/9/2013,11:00 AM,8/9/2013,12:45 PM,LKlakovych Lv-091.2 MQC Lv-091.1 MQC,4131
[Lv-091.2 MQC] Lv-091.2 QC + expert,8/12/2013,9:00 AM,8/12/2013,10:45 AM,YHarasym Lv-091.2 MQC,1002A
[Lv-091.2 MQC] Lv-091.2 QC Daily Scrum Meeting,8/13/2013,11:00 AM,8/13/2013,11:45 AM,YHarasym Lv-091.2 MQC,4132
[Lv-091.2 MQC] Lv-091.2 QC Scrum Overview,8/14/2013,9:00 AM,8/14/2013,10:45 AM,YHarasym Lv-091.2 MQC,1002B
[Lv-091.2 MQC] Lv-091.QC Lecture,8/14/2013,11:00 AM,8/14/2013,12:45 PM,LKlakovych Lv-091.2 MQC Lv-091.1 MQC,4131
[Lv-091.2 MQC] Lv-091.2 QC Scrum Planning,8/15/2013,1:00 PM,8/15/2013,1:45 PM,YHarasym Lv-091.2 MQC,4131
[Lv-091.2 MQC] Lv-091.2 QC,8/15/2013,2:00 PM,8/15/2013,3:45 PM,YHarasym Lv-091.2 MQC,4131
[Lv-091.2 MQC] Presentation about SoftServe,8/15/2013,5:00 PM,8/15/2013,5:45 PM,Lv-090 Lamp Lv-090. DB Lv-090.Java Lv-091.1 MQC Lv-091.2 MQC Lv-092 UI,
[Lv-091.2 MQC] Lv-091.2 QC Daily Scrum Meeting,8/16/2013,10:00 AM,8/16/2013,10:45 AM,YHarasym Lv-091.2 MQC,4132
[Lv-091.2 MQC] Lv-091.QC Lecture,8/16/2013,11:00 AM,8/16/2013,12:45 PM,LKlakovych Lv-091.2 MQC Lv-091.1 MQC,4131
[Lv-091.2 MQC] Lv-091.2 QC + expert,8/19/2013,9:00 AM,8/19/2013,10:45 AM,YHarasym Lv-091.2 MQC,1002A
[Lv-091.2 MQC] Lv-091.2 QC Daily Scrum Meeting,8/20/2013,11:00 AM,8/20/2013,11:45 AM,YHarasym Lv-091.2 MQC,4132
[Lv-091.2 MQC] Lv-091.2 QC Scrum Overview,8/21/2013,9:00 AM,8/21/2013,10:45 AM,YHarasym Lv-091.2 MQC,1002B
[Lv-091.2 MQC] Lv-091.QC Lecture,8/21/2013,11:00 AM,8/21/2013,12:45 PM,LKlakovych Lv-091.2 MQC Lv-091.1 MQC,4131
[Lv-091.2 MQC] Lv-091.2 QC Scrum Planning,8/22/2013,1:00 PM,8/22/2013,1:45 PM,YHarasym Lv-091.2 MQC,4131
[Lv-091.2 MQC] Lv-091.2 QC,8/22/2013,2:00 PM,8/22/2013,3:45 PM,YHarasym Lv-091.2 MQC,4131
[Lv-091.2 MQC] Lv-091.2 QC Daily Scrum Meeting,8/23/2013,10:00 AM,8/23/2013,10:45 AM,YHarasym Lv-091.2 MQC,4132
[Lv-091.2 MQC] Lv-091.QC Lecture,8/23/2013,11:00 AM,8/23/2013,12:45 PM,LKlakovych Lv-091.2 MQC Lv-091.1 MQC,4131
[Lv-091.2 MQC] Lv-091.2 QC + expert,8/26/2013,9:00 AM,8/26/2013,10:45 AM,YHarasym Lv-091.2 MQC,1002A
[Lv-091.2 MQC] Lv-091.2 QC Daily Scrum Meeting,8/27/2013,11:00 AM,8/27/2013,11:45 AM,YHarasym Lv-091.2 MQC,4132
[Lv-091.2 MQC] Lv-091.2 QC Scrum Overview,8/28/2013,9:00 AM,8/28/2013,10:45 AM,YHarasym Lv-091.2 MQC,1002B
[Lv-091.2 MQC] Lv-091.QC Lecture,8/28/2013,11:00 AM,8/28/2013,12:45 PM,LKlakovych Lv-091.2 MQC Lv-091.1 MQC,4131
[Lv-091.2 MQC] Lv-091.2 QC Scrum Planning,8/29/2013,1:00 PM,8/29/2013,1:45 PM,YHarasym Lv-091.2 MQC,4131
[Lv-091.2 MQC] Lv-091.2 QC,8/29/2013,2:00 PM,8/29/2013,3:45 PM,YHarasym Lv-091.2 MQC,4131
[Lv-091.2 MQC] Lv-091.2 QC Daily Scrum Meeting,8/30/2013,10:00 AM,8/30/2013,10:45 AM,YHarasym Lv-091.2 MQC,4132
[Lv-091.2 MQC] Lv-091.QC Lecture,8/30/2013,11:00 AM,8/30/2013,12:45 PM,LKlakovych Lv-091.2 MQC Lv-091.1 MQC,4131
[Lv-092 UI] Presentation about SoftServe,6/27/2013,11:00 AM,6/27/2013,11:45 AM,Lv-090 Lamp Lv-090. DB Lv-090.Java Lv-091.1 MQC Lv-091.2 MQC Lv-092 UI,
[Lv-092 UI] Lv-092.UI,6/27/2013,4:00 PM,6/27/2013,5:45 PM,IChyr Lv-092 UI,4131
[Lv-092 UI] Lv-092.UI,7/1/2013,4:00 PM,7/1/2013,5:45 PM,IChyr Lv-092 UI,4131
[Lv-092 UI] Lv-092.UI,7/2/2013,8:00 AM,7/2/2013,9:45 AM,IChyr Lv-092 UI,1002A
[Lv-092 UI] Lv-092.UI,7/3/2013,9:00 AM,7/3/2013,10:45 AM,IChyr Lv-092 UI,4131
[Lv-092 UI] Lv-092.UI,7/4/2013,9:00 AM,7/4/2013,10:45 AM,IChyr Lv-092 UI,1002A
[Lv-092 UI] Lv-092.UI,7/5/2013,9:00 AM,7/5/2013,10:45 AM,IChyr Lv-092 UI,4131
[Lv-092 UI] Lv-092.UI,7/8/2013,4:00 PM,7/8/2013,5:45 PM,IChyr Lv-092 UI,4131
[Lv-092 UI] Lv-092.UI,7/9/2013,8:00 AM,7/9/2013,9:45 AM,IChyr Lv-092 UI,1002A
[Lv-092 UI] Lv-092.UI,7/10/2013,9:00 AM,7/10/2013,10:45 AM,IChyr Lv-092 UI,4131
[Lv-092 UI] Lv-092.UI,7/11/2013,8:00 AM,7/11/2013,9:45 AM,IChyr Lv-092 UI,4132
[Lv-092 UI] Lv-092.UI,7/15/2013,4:00 PM,7/15/2013,5:45 PM,IChyr Lv-092 UI,4131
[Lv-092 UI] Lv-092.UI,7/16/2013,9:00 AM,7/16/2013,10:45 AM,IChyr Lv-092 UI,1002A
[Lv-092 UI] Lv-092.UI,7/17/2013,8:00 AM,7/17/2013,9:45 AM,IChyr Lv-092 UI,4132
[Lv-092 UI] Lv-092.UI,7/18/2013,8:00 AM,7/18/2013,9:45 AM,IChyr Lv-092 UI,1002A
[Lv-092 UI] Lv-092.UI +expert,7/18/2013,10:00 AM,7/18/2013,10:45 AM,Lv-092 UI,1002A
[Lv-092 UI] Lv-092.UI,7/19/2013,8:00 AM,7/19/2013,9:45 AM,IChyr Lv-092 UI,1002A
[Lv-092 UI] Lv-092.UI,7/22/2013,4:00 PM,7/22/2013,5:45 PM,IChyr Lv-092 UI,4131
[Lv-092 UI] Lv-092.UI,7/23/2013,11:00 AM,7/23/2013,12:45 PM,IChyr Lv-092 UI,1002A
[Lv-092 UI] Lv-092.UI,7/24/2013,8:00 AM,7/24/2013,9:45 AM,IChyr Lv-092 UI,4132
[Lv-092 UI] Lv-092.UI,7/25/2013,8:00 AM,7/25/2013,9:45 AM,IChyr Lv-092 UI,1002A
[Lv-092 UI] Lv-092.UI +expert,7/25/2013,10:00 AM,7/25/2013,10:45 AM,Lv-092 UI,1002A
[Lv-092 UI] Lv-092.UI,7/26/2013,8:00 AM,7/26/2013,9:45 AM,IChyr Lv-092 UI,1002A
[Lv-092 UI] Lv-092.UI,7/29/2013,4:00 PM,7/29/2013,5:45 PM,IChyr Lv-092 UI,4131
[Lv-092 UI] Lv-092.UI,7/30/2013,11:00 AM,7/30/2013,12:45 PM,IChyr Lv-092 UI,1002A
[Lv-092 UI] Lv-092.UI,7/31/2013,9:00 AM,7/31/2013,10:45 AM,IChyr Lv-092 UI,4131
[Lv-092 UI] Lv-092.UI,8/1/2013,8:00 AM,8/1/2013,9:45 AM,IChyr Lv-092 UI,1002A
[Lv-092 UI] Lv-092.UI +expert,8/1/2013,10:00 AM,8/1/2013,10:45 AM,Lv-092 UI,1002A
[Lv-092 UI] Lv-092.UI,8/2/2013,9:00 AM,8/2/2013,10:45 AM,IChyr Lv-092 UI,4131
[Lv-092 UI] Lv-092.UI,8/5/2013,4:00 PM,8/5/2013,5:45 PM,IChyr Lv-092 UI,4131
[Lv-092 UI] Lv-092.UI,8/6/2013,11:00 AM,8/6/2013,12:45 PM,IChyr Lv-092 UI,1002A
[Lv-092 UI] Lv-092.UI,8/7/2013,9:00 AM,8/7/2013,10:45 AM,IChyr Lv-092 UI,4131
[Lv-092 UI] Lv-092.UI,8/8/2013,8:00 AM,8/8/2013,9:45 AM,IChyr Lv-092 UI,1002A
[Lv-092 UI] Lv-092.UI +expert,8/8/2013,10:00 AM,8/8/2013,10:45 AM,Lv-092 UI,1002A
[Lv-092 UI] Lv-092.UI,8/9/2013,9:00 AM,8/9/2013,10:45 AM,IChyr Lv-092 UI,4131
[Lv-092 UI] Lv-092.UI,8/12/2013,4:00 PM,8/12/2013,5:45 PM,IChyr Lv-092 UI,4131
[Lv-092 UI] Lv-092.UI,8/13/2013,11:00 AM,8/13/2013,12:45 PM,IChyr Lv-092 UI,1002A
[Lv-092 UI] Lv-092.UI,8/14/2013,8:00 AM,8/14/2013,9:45 AM,IChyr Lv-092 UI,1002A
[Lv-092 UI] Lv-092.UI,8/15/2013,8:00 AM,8/15/2013,9:45 AM,IChyr Lv-092 UI,1002A
[Lv-092 UI] Lv-092.UI +expert,8/15/2013,10:00 AM,8/15/2013,10:45 AM,Lv-092 UI,1002A
[Lv-092 UI] Presentation about SoftServe,8/15/2013,5:00 PM,8/15/2013,5:45 PM,Lv-090 Lamp Lv-090. DB Lv-090.Java Lv-091.1 MQC Lv-091.2 MQC Lv-092 UI,
[Lv-092 UI] Lv-092.UI,8/16/2013,8:00 AM,8/16/2013,9:45 AM,IChyr Lv-092 UI,1002A
[Lv-092 UI] Lv-092.UI,8/19/2013,4:00 PM,8/19/2013,5:45 PM,IChyr Lv-092 UI,4131
[Lv-092 UI] Lv-092.UI,8/20/2013,11:00 AM,8/20/2013,12:45 PM,IChyr Lv-092 UI,1002A
[Lv-092 UI] Lv-092.UI,8/21/2013,8:00 AM,8/21/2013,9:45 AM,IChyr Lv-092 UI,1002A
[Lv-092 UI] Lv-092.UI,8/22/2013,8:00 AM,8/22/2013,9:45 AM,IChyr Lv-092 UI,1002A
[Lv-092 UI] Lv-092.UI +expert,8/22/2013,10:00 AM,8/22/2013,10:45 AM,Lv-092 UI,1002A
[Lv-092 UI] Lv-092.UI,8/23/2013,8:00 AM,8/23/2013,9:45 AM,IChyr Lv-092 UI,1002A
[Lv-092 UI] Lv-092.UI,8/26/2013,4:00 PM,8/26/2013,5:45 PM,IChyr Lv-092 UI,4131
[Lv-092 UI] Lv-092.UI,8/27/2013,11:00 AM,8/27/2013,12:45 PM,IChyr Lv-092 UI,1002A
[Lv-092 UI] Lv-092.UI,8/28/2013,8:00 AM,8/28/2013,9:45 AM,IChyr Lv-092 UI,1002A
[Lv-092 UI] Lv-092.UI,8/29/2013,8:00 AM,8/29/2013,9:45 AM,IChyr Lv-092 UI,1002A
[Lv-092 UI] Lv-092.UI +expert,8/29/2013,10:00 AM,8/29/2013,10:45 AM,Lv-092 UI,1002A
[Lv-092 UI] Lv-092.UI,8/30/2013,8:00 AM,8/30/2013,9:45 AM,IChyr Lv-092 UI,1002A
[Lv-092 UI] Lv-092.UI,9/2/2013,4:00 PM,9/2/2013,5:45 PM,IChyr Lv-092 UI,4131
[Lv-092 UI] Lv-092.UI,9/3/2013,11:00 AM,9/3/2013,12:45 PM,IChyr Lv-092 UI,1002A
[Lv-092 UI] Lv-092.UI,9/4/2013,8:00 AM,9/4/2013,9:45 AM,IChyr Lv-092 UI,1002A
[Lv-092 UI] Lv-092.UI,9/5/2013,8:00 AM,9/5/2013,9:45 AM,IChyr Lv-092 UI,1002A
[Lv-092 UI] Lv-092.UI +expert,9/5/2013,10:00 AM,9/5/2013,10:45 AM,Lv-092 UI,1002A
[Lv-092 UI] Lv-092.UI,9/6/2013,8:00 AM,9/6/2013,9:45 AM,IChyr Lv-092 UI,1002A
[Lv-092 UI] Lv-092.UI,9/9/2013,4:00 PM,9/9/2013,5:45 PM,IChyr Lv-092 UI,4131
[Lv-092 UI] Lv-092.UI,9/10/2013,11:00 AM,9/10/2013,12:45 PM,IChyr Lv-092 UI,1002A
[Lv-092 UI] Lv-092.UI,9/11/2013,8:00 AM,9/11/2013,9:45 AM,IChyr Lv-092 UI,1002A
[Lv-092 UI] Lv-092.UI,9/12/2013,8:00 AM,9/12/2013,9:45 AM,IChyr Lv-092 UI,1002A
[Lv-092 UI] Lv-092.UI +expert,9/12/2013,10:00 AM,9/12/2013,10:45 AM,Lv-092 UI,1002A
[Lv-092 UI] Lv-092.UI,9/13/2013,8:00 AM,9/13/2013,9:45 AM,IChyr Lv-092 UI,1002A
[Lv-092 UI] Lv-092.UI,9/16/2013,4:00 PM,9/16/2013,5:45 PM,IChyr Lv-092 UI,4131
[Lv-092 UI] Lv-092.UI,9/17/2013,11:00 AM,9/17/2013,12:45 PM,IChyr Lv-092 UI,1002A
[Lv-092 UI] Lv-092.UI,9/18/2013,8:00 AM,9/18/2013,9:45 AM,IChyr Lv-092 UI,1002A
[Lv-092 UI] Lv-092.UI,9/19/2013,8:00 AM,9/19/2013,9:45 AM,IChyr Lv-092 UI,1002A
[Lv-092 UI] Lv-092.UI +expert,9/19/2013,10:00 AM,9/19/2013,10:45 AM,Lv-092 UI,1002A
[Lv-092 UI] Lv-092.UI,9/20/2013,8:00 AM,9/20/2013,9:45 AM,IChyr Lv-092 UI,1002A
[Lv-092 UI] Lv-092.UI,9/23/2013,4:00 PM,9/23/2013,5:45 PM,IChyr Lv-092 UI,4131
[Lv-092 UI] Lv-092.UI,9/24/2013,11:00 AM,9/24/2013,12:45 PM,IChyr Lv-092 UI,1002A
[Lv-092 UI] Lv-092.UI,9/25/2013,8:00 AM,9/25/2013,9:45 AM,IChyr Lv-092 UI,1002A
[Lv-092 UI] Lv-092.UI,9/26/2013,8:00 AM,9/26/2013,9:45 AM,IChyr Lv-092 UI,1002A
[Lv-092 UI] Lv-092.UI +expert,9/26/2013,10:00 AM,9/26/2013,10:45 AM,Lv-092 UI,1002A
[Lv-092 UI] Lv-092.UI,9/27/2013,8:00 AM,9/27/2013,9:45 AM,IChyr Lv-092 UI,1002A
[Lv-093 .Net] Lv-093.Net,7/31/2013,1:00 PM,7/31/2013,2:45 PM,IKohut Lv-093 .Net,1002B
[Lv-093 .Net] Lv-093.Net,8/1/2013,1:00 PM,8/1/2013,2:45 PM,IKohut Lv-093 .Net,1002B
[Lv-093 .Net] Lv-093.Net,8/2/2013,1:00 PM,8/2/2013,2:45 PM,IKohut Lv-093 .Net,1002B
[Lv-093 .Net] Lv-093.Net,8/5/2013,11:00 AM,8/5/2013,12:45 PM,IKohut Lv-093 .Net,1002B
[Lv-093 .Net] Lv-093.Net,8/6/2013,12:00 PM,8/6/2013,1:45 PM,IKohut Lv-093 .Net,1002B
[Lv-093 .Net] Lv-093.Net,8/7/2013,1:00 PM,8/7/2013,2:45 PM,IKohut Lv-093 .Net,1002B
[Lv-093 .Net] Lv-093.Net,8/8/2013,1:00 PM,8/8/2013,2:45 PM,IKohut Lv-093 .Net,1002B
[Lv-093 .Net] Lv-093.Net,8/9/2013,1:00 PM,8/9/2013,2:45 PM,IKohut Lv-093 .Net,1002B
[Lv-093 .Net] Lv-093.Net,8/12/2013,11:00 AM,8/12/2013,12:45 PM,IKohut Lv-093 .Net,1002B
[Lv-093 .Net] Lv-093.Net,8/13/2013,12:00 PM,8/13/2013,1:45 PM,IKohut Lv-093 .Net,1002B
[Lv-093 .Net] Lv-093.Net,8/14/2013,1:00 PM,8/14/2013,2:45 PM,IKohut Lv-093 .Net,1002B
[Lv-093 .Net] Lv-093.Net,8/15/2013,1:00 PM,8/15/2013,2:45 PM,IKohut Lv-093 .Net,1002B
[Lv-093 .Net] Lv-093.Net,8/16/2013,1:00 PM,8/16/2013,2:45 PM,IKohut Lv-093 .Net,1002B
[Lv-093 .Net] Lv-093.Net Weekly Report,8/19/2013,4:00 PM,8/19/2013,5:45 PM,IKohut Lv-093 .Net,1002B
[Lv-093 .Net] Lv-093.Net,8/20/2013,12:00 PM,8/20/2013,1:45 PM,IKohut Lv-093 .Net,1002B
[Lv-093 .Net] Lv-093.Net,8/21/2013,1:00 PM,8/21/2013,2:45 PM,IKohut Lv-093 .Net,1002B
[Lv-093 .Net] Lv-093.Net+expert,8/22/2013,11:00 AM,8/22/2013,12:45 PM,Lv-093 .Net,1001A
[Lv-093 .Net] Lv-093.Net,8/22/2013,1:00 PM,8/22/2013,2:45 PM,IKohut Lv-093 .Net,1002B
[Lv-093 .Net] Lv-093.Net,8/23/2013,1:00 PM,8/23/2013,2:45 PM,IKohut Lv-093 .Net,1002B
[Lv-093 .Net] Lv-093.Net Weekly Report,8/26/2013,4:00 PM,8/26/2013,5:45 PM,IKohut Lv-093 .Net,1002B
[Lv-093 .Net] Lv-093.Net,8/27/2013,12:00 PM,8/27/2013,1:45 PM,IKohut Lv-093 .Net,1002B
[Lv-093 .Net] Lv-093.Net,8/28/2013,1:00 PM,8/28/2013,2:45 PM,IKohut Lv-093 .Net,1002B
[Lv-093 .Net] Lv-093.Net+expert,8/29/2013,11:00 AM,8/29/2013,12:45 PM,Lv-093 .Net,1001A
[Lv-093 .Net] Lv-093.Net,8/29/2013,1:00 PM,8/29/2013,2:45 PM,IKohut Lv-093 .Net,1002B
[Lv-093 .Net] Lv-093.Net,8/30/2013,1:00 PM,8/30/2013,2:45 PM,IKohut Lv-093 .Net,1002B
[Lv-093 .Net] Lv-093.Net Weekly Report,9/2/2013,4:00 PM,9/2/2013,5:45 PM,IKohut Lv-093 .Net,1002B
[Lv-093 .Net] Lv-093.Net,9/3/2013,12:00 PM,9/3/2013,1:45 PM,IKohut Lv-093 .Net,1002B
[Lv-093 .Net] Lv-093.Net,9/4/2013,1:00 PM,9/4/2013,2:45 PM,IKohut Lv-093 .Net,1002B
[Lv-093 .Net] Lv-093.Net+expert,9/5/2013,11:00 AM,9/5/2013,12:45 PM,Lv-093 .Net,1001A
[Lv-093 .Net] Lv-093.Net,9/5/2013,1:00 PM,9/5/2013,2:45 PM,IKohut Lv-093 .Net,1002B
[Lv-093 .Net] Lv-093.Net,9/6/2013,1:00 PM,9/6/2013,2:45 PM,IKohut Lv-093 .Net,1002B
[Lv-093 .Net] Lv-093.Net,9/10/2013,12:00 PM,9/10/2013,1:45 PM,IKohut Lv-093 .Net,1002B
[Lv-093 .Net] Lv-093.Net,9/11/2013,1:00 PM,9/11/2013,2:45 PM,IKohut Lv-093 .Net,1002B
[Lv-093 .Net] Lv-093.Net,9/12/2013,1:00 PM,9/12/2013,2:45 PM,IKohut Lv-093 .Net,1002B
[Lv-093 .Net] Lv-093.Net,9/13/2013,1:00 PM,9/13/2013,2:45 PM,IKohut Lv-093 .Net,1002B
[Lv-093 .Net] Lv-093.Net,9/17/2013,12:00 PM,9/17/2013,1:45 PM,IKohut Lv-093 .Net,1002B
[Lv-093 .Net] Lv-093.Net,9/18/2013,1:00 PM,9/18/2013,2:45 PM,IKohut Lv-093 .Net,1002B
[Lv-093 .Net] Lv-093.Net,9/19/2013,1:00 PM,9/19/2013,2:45 PM,IKohut Lv-093 .Net,1002B
[Lv-093 .Net] Lv-093.Net,9/20/2013,1:00 PM,9/20/2013,2:45 PM,IKohut Lv-093 .Net,1002B
[Lv-093 .Net] Lv-093.Net,9/24/2013,12:00 PM,9/24/2013,1:45 PM,IKohut Lv-093 .Net,1002B
[Lv-093 .Net] Lv-093.Net,9/25/2013,1:00 PM,9/25/2013,2:45 PM,IKohut Lv-093 .Net,1002B
[Lv-093 .Net] Lv-093.Net,9/26/2013,1:00 PM,9/26/2013,2:45 PM,IKohut Lv-093 .Net,1002B
[Lv-093 .Net] Lv-093.Net,9/27/2013,1:00 PM,9/27/2013,2:45 PM,IKohut Lv-093 .Net,1002B
[Lv-093 .Net] Lv-093.Net,10/1/2013,12:00 PM,10/1/2013,1:45 PM,IKohut Lv-093 .Net,1002B
[Lv-093 .Net] Lv-093.Net,10/2/2013,1:00 PM,10/2/2013,2:45 PM,IKohut Lv-093 .Net,1002B
[Lv-093 .Net] Lv-093.Net,10/3/2013,1:00 PM,10/3/2013,2:45 PM,IKohut Lv-093 .Net,1002B
[Lv-093 .Net] Lv-093.Net,10/4/2013,1:00 PM,10/4/2013,2:45 PM,IKohut Lv-093 .Net,1002B
[Lv-093 .Net] Lv-093.Net,10/8/2013,12:00 PM,10/8/2013,1:45 PM,IKohut Lv-093 .Net,1002B
[Lv-093 .Net] Lv-093.Net,10/9/2013,1:00 PM,10/9/2013,2:45 PM,IKohut Lv-093 .Net,1002B
[Lv-093 .Net] Lv-093.Net,10/10/2013,1:00 PM,10/10/2013,2:45 PM,IKohut Lv-093 .Net,1002B
[Lv-093 .Net] Lv-093.Net,10/11/2013,1:00 PM,10/11/2013,2:45 PM,IKohut Lv-093 .Net,1002B
[Lv-093 .Net] Lv-093.Net,10/15/2013,12:00 PM,10/15/2013,1:45 PM,IKohut Lv-093 .Net,1002B
[Lv-093 .Net] Lv-093.Net,10/16/2013,1:00 PM,10/16/2013,2:45 PM,IKohut Lv-093 .Net,1002B
[Lv-093 .Net] Lv-093.Net,10/17/2013,1:00 PM,10/17/2013,2:45 PM,IKohut Lv-093 .Net,1002B
[Lv-093 .Net] Lv-093.Net,10/18/2013,1:00 PM,10/18/2013,2:45 PM,IKohut Lv-093 .Net,1002B
[Lv-093 .Net] Lv-093.Net,10/22/2013,12:00 PM,10/22/2013,1:45 PM,IKohut Lv-093 .Net,1002B
[Lv-093 .Net] Lv-093.Net,10/23/2013,1:00 PM,10/23/2013,2:45 PM,IKohut Lv-093 .Net,1002B
[Lv-093 .Net] Lv-093.Net,10/24/2013,1:00 PM,10/24/2013,2:45 PM,IKohut Lv-093 .Net,1002B
[Lv-093 .Net] Lv-093.Net,10/25/2013,1:00 PM,10/25/2013,2:45 PM,IKohut Lv-093 .Net,1002B
[Lv-093 .Net] Lv-093.Net,10/29/2013,12:00 PM,10/29/2013,1:45 PM,IKohut Lv-093 .Net,1002B
[Lv-093 Web Ui] Lv-093.UI,7/30/2013,5:00 PM,7/30/2013,6:45 PM,LHalamaha Lv-093 Web Ui,1002B
[Lv-093 Web Ui] Lv-093.UI,7/31/2013,5:00 PM,7/31/2013,6:45 PM,LHalamaha Lv-093 Web Ui,1002B
[Lv-093 Web Ui] Lv-093.UI,8/1/2013,5:00 PM,8/1/2013,6:45 PM,LHalamaha Lv-093 Web Ui,1002B
[Lv-093 Web Ui] Lv-093.UI,8/2/2013,5:00 PM,8/2/2013,6:45 PM,LHalamaha Lv-093 Web Ui,1002B
[Lv-093 Web Ui] Lv-093.UI,8/5/2013,4:00 PM,8/5/2013,5:45 PM,LHalamaha Lv-093 Web Ui,1002B
[Lv-093 Web Ui] Lv-093.UI,8/6/2013,4:00 PM,8/6/2013,5:45 PM,LHalamaha Lv-093 Web Ui,1002B
[Lv-093 Web Ui] Lv-093.UI,8/7/2013,5:00 PM,8/7/2013,6:45 PM,LHalamaha Lv-093 Web Ui,1002B
[Lv-093 Web Ui] Lv-093.UI,8/8/2013,5:00 PM,8/8/2013,6:45 PM,LHalamaha Lv-093 Web Ui,1002B
[Lv-093 Web Ui] Lv-093.UI,8/9/2013,5:00 PM,8/9/2013,6:45 PM,LHalamaha Lv-093 Web Ui,1002B
[Lv-093 Web Ui] Lv-093.UI,8/12/2013,4:00 PM,8/12/2013,5:45 PM,LHalamaha Lv-093 Web Ui,1002B
[Lv-093 Web Ui] Lv-093.UI,8/13/2013,4:00 PM,8/13/2013,5:45 PM,LHalamaha Lv-093 Web Ui,1002B
[Lv-093 Web Ui] Lv-093.UI,8/14/2013,9:00 AM,8/14/2013,10:45 AM,Lv-093 Web Ui,4132
[Lv-093 Web Ui] Lv-093.UI,8/14/2013,5:00 PM,8/14/2013,6:45 PM,LHalamaha Lv-093 Web Ui,1002B
[Lv-093 Web Ui] Lv-093.UI,8/15/2013,10:00 AM,8/15/2013,11:45 AM,Lv-093 Web Ui,4132
[Lv-093 Web Ui] Lv-093.UI,8/16/2013,10:00 AM,8/16/2013,11:45 AM,LHalamaha Lv-093 Web Ui,1002B
[Lv-093 Web Ui] Lv-093.UI,8/19/2013,7:00 PM,8/19/2013,8:45 PM,LHalamaha Lv-093 Web Ui,1002B
[Lv-093 Web Ui] Lv-093.UI,8/20/2013,4:00 PM,8/20/2013,5:45 PM,LHalamaha Lv-093 Web Ui,1002B
[Lv-093 Web Ui] Lv-093.UI,8/21/2013,9:00 AM,8/21/2013,10:45 AM,Lv-093 Web Ui,4132
[Lv-093 Web Ui] Lv-093.UI,8/22/2013,10:00 AM,8/22/2013,11:45 AM,Lv-093 Web Ui,4132
[Lv-093 Web Ui] Lv-093.UI,8/23/2013,10:00 AM,8/23/2013,11:45 AM,LHalamaha Lv-093 Web Ui,1002B
[Lv-093 Web Ui] Lv-093.UI,8/26/2013,7:00 PM,8/26/2013,8:45 PM,LHalamaha Lv-093 Web Ui,1002B
[Lv-093 Web Ui] Lv-093.UI,8/27/2013,4:00 PM,8/27/2013,5:45 PM,LHalamaha Lv-093 Web Ui,1002B
[Lv-093 Web Ui] Lv-093.UI,8/28/2013,9:00 AM,8/28/2013,10:45 AM,Lv-093 Web Ui,4132
[Lv-093 Web Ui] Lv-093.UI,8/29/2013,10:00 AM,8/29/2013,11:45 AM,Lv-093 Web Ui,4132
[Lv-093 Web Ui] Lv-093.UI,8/30/2013,5:00 PM,8/30/2013,6:45 PM,LHalamaha Lv-093 Web Ui,1002B
[Lv-093 Web Ui] Lv-093.UI,9/2/2013,7:00 PM,9/2/2013,8:45 PM,LHalamaha Lv-093 Web Ui,1002B
[Lv-093 Web Ui] Lv-093.UI,9/3/2013,4:00 PM,9/3/2013,5:45 PM,LHalamaha Lv-093 Web Ui,1002B
[Lv-093 Web Ui] Lv-093.UI,9/4/2013,5:00 PM,9/4/2013,6:45 PM,LHalamaha Lv-093 Web Ui,1002B
[Lv-093 Web Ui] Lv-093.UI,9/5/2013,5:00 PM,9/5/2013,6:45 PM,LHalamaha Lv-093 Web Ui,1002B
[Lv-093 Web Ui] Lv-093.UI,9/6/2013,5:00 PM,9/6/2013,6:45 PM,LHalamaha Lv-093 Web Ui,1002B
[Lv-093 Web Ui] Lv-093.UI,9/9/2013,4:00 PM,9/9/2013,5:45 PM,LHalamaha Lv-093 Web Ui,1002B
[Lv-093 Web Ui] Lv-093.UI,9/10/2013,4:00 PM,9/10/2013,5:45 PM,LHalamaha Lv-093 Web Ui,1002B
[Lv-093 Web Ui] Lv-093.UI,9/11/2013,5:00 PM,9/11/2013,6:45 PM,LHalamaha Lv-093 Web Ui,1002B
[Lv-093 Web Ui] Lv-093.UI,9/12/2013,5:00 PM,9/12/2013,6:45 PM,LHalamaha Lv-093 Web Ui,1002B
[Lv-093 Web Ui] Lv-093.UI,9/13/2013,5:00 PM,9/13/2013,6:45 PM,LHalamaha Lv-093 Web Ui,1002B
[Lv-093 Web Ui] Lv-093.UI,9/16/2013,4:00 PM,9/16/2013,5:45 PM,LHalamaha Lv-093 Web Ui,1002B
[Lv-093 Web Ui] Lv-093.UI,9/17/2013,4:00 PM,9/17/2013,5:45 PM,LHalamaha Lv-093 Web Ui,1002B
[Lv-093 Web Ui] Lv-093.UI,9/18/2013,5:00 PM,9/18/2013,6:45 PM,LHalamaha Lv-093 Web Ui,1002B
[Lv-093 Web Ui] Lv-093.UI,9/19/2013,5:00 PM,9/19/2013,6:45 PM,LHalamaha Lv-093 Web Ui,1002B
[Lv-093 Web Ui] Lv-093.UI,9/20/2013,5:00 PM,9/20/2013,6:45 PM,LHalamaha Lv-093 Web Ui,1002B
[Lv-093 Web Ui] Lv-093.UI,9/23/2013,4:00 PM,9/23/2013,5:45 PM,LHalamaha Lv-093 Web Ui,1002B
[Lv-093 Web Ui] Lv-093.UI,9/24/2013,4:00 PM,9/24/2013,5:45 PM,LHalamaha Lv-093 Web Ui,1002B
[Lv-093 Web Ui] Lv-093.UI,9/25/2013,5:00 PM,9/25/2013,6:45 PM,LHalamaha Lv-093 Web Ui,1002B
[Lv-093 Web Ui] Lv-093.UI,9/26/2013,5:00 PM,9/26/2013,6:45 PM,LHalamaha Lv-093 Web Ui,1002B
[Lv-093 Web Ui] Lv-093.UI,9/27/2013,5:00 PM,9/27/2013,6:45 PM,LHalamaha Lv-093 Web Ui,1002B
[Lv-093 Web Ui] Lv-093.UI,9/30/2013,4:00 PM,9/30/2013,5:45 PM,LHalamaha Lv-093 Web Ui,1002B
[Lv-093 Web Ui] Lv-093.UI,10/1/2013,4:00 PM,10/1/2013,5:45 PM,LHalamaha Lv-093 Web Ui,1002B
[Lv-093 Web Ui] Lv-093.UI,10/2/2013,5:00 PM,10/2/2013,6:45 PM,LHalamaha Lv-093 Web Ui,1002B
[Lv-093 Web Ui] Lv-093.UI,10/3/2013,5:00 PM,10/3/2013,6:45 PM,LHalamaha Lv-093 Web Ui,1002B
[Lv-093 Web Ui] Lv-093.UI,10/4/2013,5:00 PM,10/4/2013,6:45 PM,LHalamaha Lv-093 Web Ui,1002B
[Lv-093 Web Ui] Lv-093.UI,10/7/2013,4:00 PM,10/7/2013,5:45 PM,LHalamaha Lv-093 Web Ui,1002B
[Lv-093 Web Ui] Lv-093.UI,10/8/2013,4:00 PM,10/8/2013,5:45 PM,LHalamaha Lv-093 Web Ui,1002B
[Lv-093 Web Ui] Lv-093.UI,10/9/2013,5:00 PM,10/9/2013,6:45 PM,LHalamaha Lv-093 Web Ui,1002B
[Lv-093 Web Ui] Lv-093.UI,10/10/2013,5:00 PM,10/10/2013,6:45 PM,LHalamaha Lv-093 Web Ui,1002B
[Lv-093 Web Ui] Lv-093.UI,10/11/2013,5:00 PM,10/11/2013,6:45 PM,LHalamaha Lv-093 Web Ui,1002B
[Lv-093 Web Ui] Lv-093.UI,10/14/2013,4:00 PM,10/14/2013,5:45 PM,LHalamaha Lv-093 Web Ui,1002B
[Lv-093 Web Ui] Lv-093.UI,10/15/2013,4:00 PM,10/15/2013,5:45 PM,LHalamaha Lv-093 Web Ui,1002B
[Lv-093 Web Ui] Lv-093.UI,10/16/2013,5:00 PM,10/16/2013,6:45 PM,LHalamaha Lv-093 Web Ui,1002B
[Lv-093 Web Ui] Lv-093.UI,10/17/2013,5:00 PM,10/17/2013,6:45 PM,LHalamaha Lv-093 Web Ui,1002B
[Lv-093 Web Ui] Lv-093.UI,10/18/2013,5:00 PM,10/18/2013,6:45 PM,LHalamaha Lv-093 Web Ui,1002B
[Lv-093 Web Ui] Lv-093.UI,10/21/2013,4:00 PM,10/21/2013,5:45 PM,LHalamaha Lv-093 Web Ui,1002B
[Lv-093 Web Ui] Lv-093.UI,10/22/2013,4:00 PM,10/22/2013,5:45 PM,LHalamaha Lv-093 Web Ui,1002B
[Lv-093 Web Ui] Lv-093.UI,10/23/2013,5:00 PM,10/23/2013,6:45 PM,LHalamaha Lv-093 Web Ui,1002B
[Lv-093 Web Ui] Lv-093.UI,10/24/2013,5:00 PM,10/24/2013,6:45 PM,LHalamaha Lv-093 Web Ui,1002B
[Lv-093 Web Ui] Lv-093.UI,10/25/2013,5:00 PM,10/25/2013,6:45 PM,LHalamaha Lv-093 Web Ui,1002B
[Lv-093 Web Ui] Lv-093.UI,10/28/2013,4:00 PM,10/28/2013,5:45 PM,LHalamaha Lv-093 Web Ui,1002B
[Lv-093 Web Ui] Lv-093.UI,10/29/2013,4:00 PM,10/29/2013,5:45 PM,LHalamaha Lv-093 Web Ui,1002B
[Lv-094 MQC] Lv-094.MQC Weekly Report,7/30/2013,2:00 PM,7/30/2013,3:45 PM,LKlakovych Lv-094 MQC,4131
[Lv-094 MQC] Lv-094.MQC Lecture,7/31/2013,1:00 PM,7/31/2013,2:45 PM,LKlakovych Lv-094 MQC,4131
[Lv-094 MQC] Lv-094.MQC Lecture,8/2/2013,1:00 PM,8/2/2013,3:45 PM,LKlakovych Lv-094 MQC,4131
[Lv-094 MQC] Lv-094.QC + expert,8/5/2013,3:00 PM,8/5/2013,4:45 PM,LKlakovych Lv-094 MQC,1002A
[Lv-094 MQC] Lv-094.MQC Weekly Report,8/6/2013,2:00 PM,8/6/2013,3:45 PM,LKlakovych Lv-094 MQC,4131
[Lv-094 MQC] Lv-094.MQC Lecture,8/7/2013,1:00 PM,8/7/2013,2:45 PM,LKlakovych Lv-094 MQC,4131
[Lv-094 MQC] Lv-094.MQC Lecture,8/9/2013,1:00 PM,8/9/2013,3:45 PM,LKlakovych Lv-094 MQC,4131
[Lv-094 MQC] Lv-094.QC + expert,8/12/2013,3:00 PM,8/12/2013,4:45 PM,LKlakovych Lv-094 MQC,1002A
[Lv-094 MQC] Lv-094.MQC Weekly Report,8/13/2013,2:00 PM,8/13/2013,3:45 PM,LKlakovych Lv-094 MQC,4131
[Lv-094 MQC] Lv-094.MQC Lecture,8/14/2013,1:00 PM,8/14/2013,2:45 PM,LKlakovych Lv-094 MQC,4131
[Lv-094 MQC] Lv-094.MQC Lecture,8/16/2013,1:00 PM,8/16/2013,3:45 PM,LKlakovych Lv-094 MQC,4131
[Lv-094 MQC] Lv-094.QC + expert,8/19/2013,3:00 PM,8/19/2013,4:45 PM,LKlakovych Lv-094 MQC,1002A
[Lv-094 MQC] Lv-094.MQC Weekly Report,8/20/2013,2:00 PM,8/20/2013,3:45 PM,LKlakovych Lv-094 MQC,4131
[Lv-094 MQC] Lv-094.MQC Lecture,8/21/2013,1:00 PM,8/21/2013,2:45 PM,LKlakovych Lv-094 MQC,4131
[Lv-094 MQC] Lv-094.MQC Lecture,8/23/2013,1:00 PM,8/23/2013,3:45 PM,LKlakovych Lv-094 MQC,4131
[Lv-094 MQC] Lv-094.QC + expert,8/26/2013,3:00 PM,8/26/2013,4:45 PM,LKlakovych Lv-094 MQC,1002A
[Lv-094 MQC] Lv-094.MQC Weekly Report,8/27/2013,2:00 PM,8/27/2013,3:45 PM,LKlakovych Lv-094 MQC,4131
[Lv-094 MQC] Lv-094.MQC Lecture,8/28/2013,1:00 PM,8/28/2013,2:45 PM,LKlakovych Lv-094 MQC,4131
[Lv-094 MQC] Lv-094.MQC Lecture,8/30/2013,1:00 PM,8/30/2013,3:45 PM,LKlakovych Lv-094 MQC,4131
[Lv-094 MQC] Lv-094.QC + expert,9/2/2013,3:00 PM,9/2/2013,4:45 PM,LKlakovych Lv-094 MQC,1002A
[Lv-094 MQC] Lv-094.MQC Weekly Report,9/3/2013,2:00 PM,9/3/2013,3:45 PM,LKlakovych Lv-094 MQC,4131
[Lv-094 MQC] Lv-094.MQC Lecture,9/4/2013,1:00 PM,9/4/2013,2:45 PM,LKlakovych Lv-094 MQC,4131
[Lv-094 MQC] Lv-094.MQC ,9/5/2013,1:00 PM,9/5/2013,1:45 PM,LKlakovych Lv-094 MQC,1001A
[Lv-094 MQC] Lv-094.MQC Lecture,9/6/2013,10:00 AM,9/6/2013,12:45 PM,LKlakovych Lv-094 MQC,4131
[Lv-094 MQC] Lv-094.QC + expert,9/9/2013,3:00 PM,9/9/2013,4:45 PM,LKlakovych Lv-094 MQC,1002A
[Lv-094 MQC] Lv-094.MQC Weekly Report,9/10/2013,3:00 PM,9/10/2013,4:45 PM,LKlakovych Lv-094 MQC,4131
[Lv-094 MQC] Lv-094.MQC Lecture,9/11/2013,2:00 PM,9/11/2013,3:45 PM,LKlakovych Lv-094 MQC,4131
[Lv-094 MQC] Lv-094.MQC ,9/12/2013,1:00 PM,9/12/2013,1:45 PM,LKlakovych Lv-094 MQC,1001A
[Lv-094 MQC] Lv-094.MQC Lecture,9/13/2013,10:00 AM,9/13/2013,12:45 PM,LKlakovych Lv-094 MQC,4131
[Lv-094 MQC] Lv-094.QC + expert,9/16/2013,3:00 PM,9/16/2013,4:45 PM,LKlakovych Lv-094 MQC,1002A
[Lv-094 MQC] Lv-094.MQC Weekly Report,9/17/2013,3:00 PM,9/17/2013,4:45 PM,LKlakovych Lv-094 MQC,4131
[Lv-094 MQC] Lv-094.MQC Lecture,9/18/2013,1:00 PM,9/18/2013,2:45 PM,LKlakovych Lv-094 MQC,4131
[Lv-094 MQC] Lv-094.MQC ,9/19/2013,1:00 PM,9/19/2013,1:45 PM,LKlakovych Lv-094 MQC,1001A
[Lv-094 MQC] Lv-094.MQC Lecture,9/20/2013,10:00 AM,9/20/2013,12:45 PM,LKlakovych Lv-094 MQC,4131
[Lv-094 MQC] Lv-094.MQC Weekly Report,9/24/2013,3:00 PM,9/24/2013,4:45 PM,LKlakovych Lv-094 MQC,4131
[Lv-094 MQC] Lv-094.MQC Lecture,9/25/2013,1:00 PM,9/25/2013,2:45 PM,LKlakovych Lv-094 MQC,4131
[Lv-094 MQC] Lv-094.MQC ,9/26/2013,1:00 PM,9/26/2013,1:45 PM,LKlakovych Lv-094 MQC,1001A
[Lv-094 MQC] Lv-094.MQC Lecture,9/27/2013,10:00 AM,9/27/2013,12:45 PM,LKlakovych Lv-094 MQC,4131
[Lv-095 DB] Lv-095.DB-2a,8/21/2013,1:00 PM,8/21/2013,2:45 PM,AKorkuna Lv-095 DB,1002A
[Lv-095 DB] Lv-095.DB-2a,8/22/2013,2:00 PM,8/22/2013,3:45 PM,AKorkuna Lv-095 DB,1002A
[Lv-095 DB] Lv-095.DB-2a,8/23/2013,10:00 AM,8/23/2013,11:45 AM,AKorkuna Lv-095 DB,1002A
[Lv-095 DB] Lv-095.DB +ex,8/26/2013,12:00 PM,8/26/2013,12:45 PM,Lv-095 DB,1001A
[Lv-095 DB] Lv-095.DB-2a,8/26/2013,1:00 PM,8/26/2013,2:45 PM,AKorkuna Lv-095 DB,1002A
[Lv-095 DB] Lv-095.DB-2a,8/27/2013,3:00 PM,8/27/2013,4:45 PM,AKorkuna Lv-095 DB,1002A
[Lv-095 DB] Lv-095.DB-2a,8/28/2013,10:00 AM,8/28/2013,11:45 AM,AKorkuna Lv-095 DB,1002A
[Lv-095 DB] Lv-095.DB-2a,8/29/2013,11:00 AM,8/29/2013,12:45 PM,AKorkuna Lv-095 DB,1002A
[Lv-095 DB] Lv-095.DB-2a,8/30/2013,10:00 AM,8/30/2013,11:45 AM,AKorkuna Lv-095 DB,1002A
[Lv-095 DB] Lv-095.DB +ex,9/2/2013,12:00 PM,9/2/2013,12:45 PM,Lv-095 DB,1001A
[Lv-095 DB] Lv-095.DB-2a,9/2/2013,1:00 PM,9/2/2013,2:45 PM,AKorkuna Lv-095 DB,1002A
[Lv-095 DB] Lv-095.DB-2b+expert,9/3/2013,10:00 AM,9/3/2013,11:45 AM,Lv-095 DB AKorkuna,1002B
[Lv-095 DB] Lv-095.DB-2a,9/4/2013,10:00 AM,9/4/2013,11:45 AM,AKorkuna Lv-095 DB,1002A
[Lv-095 DB] Lv-095.DB-2a,9/5/2013,1:00 PM,9/5/2013,2:45 PM,AKorkuna Lv-095 DB,1002A
[Lv-095 DB] Lv-095.DB-2a,9/6/2013,4:00 PM,9/6/2013,5:45 PM,AKorkuna Lv-095 DB,1002A
[Lv-095 DB] Lv-095.DB-1a,9/9/2013,4:00 PM,9/9/2013,5:45 PM,Lv-095 DB AKorkuna,1001A
[Lv-095 DB] Lv-095.DB-2b+expert,9/10/2013,10:00 AM,9/10/2013,11:45 AM,Lv-095 DB AKorkuna,1002B
[Lv-095 DB] Lv-095.DB-2a,9/11/2013,10:00 AM,9/11/2013,11:45 AM,AKorkuna Lv-095 DB,1002A
[Lv-095 DB] Lv-095.DB-2a,9/12/2013,1:00 PM,9/12/2013,2:45 PM,AKorkuna Lv-095 DB,1002A
[Lv-095 DB] Lv-095.DB-2a,9/13/2013,4:00 PM,9/13/2013,5:45 PM,AKorkuna Lv-095 DB,1002A
[Lv-095 DB] Lv-095.DB-1a,9/16/2013,4:00 PM,9/16/2013,5:45 PM,Lv-095 DB AKorkuna,1001A
[Lv-095 DB] Lv-095.DB-2b+expert,9/17/2013,10:00 AM,9/17/2013,11:45 AM,Lv-095 DB AKorkuna,1002B
[Lv-095 DB] Lv-095.DB-2a,9/18/2013,10:00 AM,9/18/2013,11:45 AM,AKorkuna Lv-095 DB,1002A
[Lv-095 DB] Lv-095.DB-2a,9/19/2013,1:00 PM,9/19/2013,2:45 PM,AKorkuna Lv-095 DB,1002A
[Lv-095 DB] Lv-095.DB-2a,9/20/2013,4:00 PM,9/20/2013,5:45 PM,AKorkuna Lv-095 DB,1002A
[Lv-095 DB] Lv-095.DB-1a,9/23/2013,4:00 PM,9/23/2013,5:45 PM,Lv-095 DB AKorkuna,1001A
[Lv-095 DB] Lv-095.DB-2b+expert,9/24/2013,10:00 AM,9/24/2013,11:45 AM,Lv-095 DB AKorkuna,1002B
[Lv-095 DB] Lv-095.DB-2a,9/25/2013,10:00 AM,9/25/2013,11:45 AM,AKorkuna Lv-095 DB,1002A
[Lv-095 DB] Lv-095.DB-2a,9/26/2013,1:00 PM,9/26/2013,2:45 PM,AKorkuna Lv-095 DB,1002A
[Lv-095 DB] Lv-095.DB-2a,9/27/2013,4:00 PM,9/27/2013,5:45 PM,AKorkuna Lv-095 DB,1002A
[Lv-095 DB] Lv-095.DB-1a,9/30/2013,4:00 PM,9/30/2013,5:45 PM,Lv-095 DB AKorkuna,1001A
[Lv-095 DB] Lv-095.DB-2b+expert,10/1/2013,10:00 AM,10/1/2013,11:45 AM,Lv-095 DB AKorkuna,1002B
[Lv-095 DB] Lv-095.DB-2a,10/2/2013,10:00 AM,10/2/2013,11:45 AM,AKorkuna Lv-095 DB,1002A
[Lv-095 DB] Lv-095.DB-2a,10/3/2013,1:00 PM,10/3/2013,2:45 PM,AKorkuna Lv-095 DB,1002A
[Lv-095 DB] Lv-095.DB-2a,10/4/2013,4:00 PM,10/4/2013,5:45 PM,AKorkuna Lv-095 DB,1002A
[Lv-096. DevOps] Lectures-Lv-096.DevOps,9/2/2013,9:00 AM,9/2/2013,10:45 AM,YHarasym Lv-096. DevOps,4132
[Lv-096. DevOps] Lectures-Lv-096.DevOps,9/3/2013,9:00 AM,9/3/2013,10:45 AM,YHarasym Lv-096. DevOps,4132
[Lv-096. DevOps] Lectures-Lv-096.DevOps,9/4/2013,9:00 AM,9/4/2013,10:45 AM,YHarasym Lv-096. DevOps,4132
[Lv-096. DevOps] Lectures-Lv-096.DevOps,9/5/2013,9:00 AM,9/5/2013,10:45 AM,YHarasym Lv-096. DevOps,4132
[Lv-096. DevOps] Lectures-Lv-096.DevOps,9/6/2013,6:00 PM,9/6/2013,7:45 PM,YHarasym Lv-096. DevOps,4132
[Lv-097. ATQC] Lectures-Lv-097.ATQC,9/2/2013,11:00 AM,9/2/2013,12:45 PM,YHarasym Lv-097. ATQC,4131
[Lv-097. ATQC] Lectures-Lv-097.ATQC,9/3/2013,4:00 PM,9/3/2013,5:45 PM,YHarasym Lv-097. ATQC,4131
[Lv-097. ATQC] Lectures-Lv-097.ATQC,9/4/2013,5:00 PM,9/4/2013,6:45 PM,YHarasym Lv-097. ATQC,4131
[Lv-097. ATQC] Lectures-Lv-097.ATQC,9/5/2013,11:00 AM,9/5/2013,12:45 PM,YHarasym Lv-097. ATQC,4131
[Lv-097. ATQC] Lectures-Lv-097.ATQC,9/6/2013,4:00 PM,9/6/2013,5:45 PM,YHarasym Lv-097. ATQC,4131
[Lv-097. ATQC] Lv-097.ATQC-2,9/9/2013,11:00 AM,9/9/2013,12:45 PM,YHarasym Lv-097. ATQC,4132
[Lv-097. ATQC] Lectures-Lv-097.ATQC,9/10/2013,5:00 PM,9/10/2013,6:45 PM,YHarasym Lv-097. ATQC,4131
[Lv-097. ATQC] Lectures-Lv-097.ATQC,9/11/2013,5:00 PM,9/11/2013,6:45 PM,YHarasym Lv-097. ATQC,4131
[Lv-097. ATQC] Lectures-Lv-097.ATQC,9/12/2013,11:00 AM,9/12/2013,12:45 PM,YHarasym Lv-097. ATQC,4131
[Lv-097. ATQC] Lectures-Lv-097.ATQC,9/13/2013,4:00 PM,9/13/2013,5:45 PM,YHarasym Lv-097. ATQC,4131
